id,predicted
7ae19de7bc2a,13319 3 14019 10 14720 15 15423 18 16127 18 16831 18 17535 19 18239 18 18943 18 19647 18 20351 17 21055 15 21760 13 22466 9
7ae19de7bc2a,226325 8 227028 10 227732 12 228435 14 229139 15 229843 16 230547 17 231251 17 231955 17 232659 18 233364 17 234069 16 234775 14 235480 13 236186 11 236892 9 237598 7 238303 5 239009 2
7ae19de7bc2a,26628 10 27329 16 28031 20 28733 22 29436 23 30139 25 30843 25 31547 24 32251 24 32955 24 33659 23 34363 22 35068 20 35773 17 36478 14 37183 10
7ae19de7bc2a,255156 8 255859 13 256563 15 257267 18 257971 20 258675 21 259380 22 260085 22 260790 22 261496 20 262201 19 262907 16 263613 12 264320 6
7ae19de7bc2a,207960 9 208663 12 209366 14 210070 14 210773 15 211477 15 212181 15 212885 14 213589 14 214293 13 214997 12 215701 11 216406 9 217111 7 217816 4
7ae19de7bc2a,336862 7 337564 10 338266 13 338970 13 339673 15 340377 15 341081 16 341785 16 342488 18 343193 17 343897 17 344601 17 345305 18 346011 15 346717 13 347424 10 348130 7
7ae19de7bc2a,96420 1 97122 5 97825 7 98529 8 99233 9 99937 10 100641 10 101345 11 102049 11 102753 11 103457 12 104161 12 104865 12 105569 12 106273 12 106978 11 107682 11 108386 11 109091 10 109795 10 110499 10 111204 9 111908 8 112613 7 113317 6 114023 3
7ae19de7bc2a,49538 5 50241 7 50944 9 51648 11 52352 12 53056 13 53760 14 54464 15 55168 16 55873 16 56577 16 57281 17 57986 16 58691 14 59396 12 60102 8
7ae19de7bc2a,263220 5 263922 12 264626 16 265330 18 266034 20 266738 22 267443 22 268148 22 268853 22 269558 22 270264 21 270970 19 271675 18 272381 16 273087 14 273794 10
7ae19de7bc2a,149635 7 150337 10 151039 13 151742 14 152445 16 153147 18 153851 19 154554 20 155258 20 155962 20 156666 20 157371 19 158075 20 158779 20 159484 19 160188 19 160893 18 161598 17 162303 16 163009 14 163714 13 164421 9 165127 6
7ae19de7bc2a,177491 2 178194 4 178897 5 179600 6 180303 7 181007 8 181710 9 182414 9 183117 11 183821 11 184525 11 185228 13 185932 13 186636 13 187340 13 188044 14 188748 14 189452 14 190157 13 190862 12 191566 12 192271 11 192976 10 193681 9 194386 8 195091 6
7ae19de7bc2a,320663 3 321366 6 322070 7 322774 8 323477 9 324181 9 324885 10 325588 11 326292 11 326996 11 327700 11 328404 11 329108 11 329812 11 330516 10 331220 10 331924 10 332628 10 333332 10 334037 8 334741 8 335446 7 336150 6 336855 5
7ae19de7bc2a,39968 5 40668 13 41370 18 42073 21 42777 23 43482 24 44187 23 44894 20 45601 16
7ae19de7bc2a,304436 7 305138 10 305840 12 306543 14 307247 14 307950 15 308653 16 309357 15 310060 16 310764 15 311467 15 312171 15 312875 14 313579 13 314283 12 314987 11 315691 10 316396 8 317101 4
7ae19de7bc2a,140948 7 141652 8 142356 9 143060 9 143764 10 144468 10 145172 10 145876 11 146580 11 147284 11 147989 10 148693 10 149398 9 150102 9 150807 8 151512 7 152216 7 152921 6 153626 5 154331 4
7ae19de7bc2a,172840 7 173542 10 174245 11 174948 13 175651 14 176354 15 177058 14 177762 14 178466 14 179170 13 179874 13 180578 12 181283 9 181988 6 182694 1
7ae19de7bc2a,344577 4 345279 6 345982 7 346684 9 347387 10 348089 12 348792 12 349495 13 350198 14 350901 14 351604 15 352308 14 353011 14 353714 15 354418 14 355121 14 355824 14 356528 12 357232 11 357936 9 358640 8 359344 6 360049 4
7ae19de7bc2a,132817 7 133518 12 134221 13 134925 14 135628 15 136332 15 137037 14 137741 14 138446 13 139151 12 139856 11 140561 10 141266 9 141971 7 142677 4
7ae19de7bc2a,178215 5 178917 7 179620 9 180323 10 181026 12 181730 12 182434 12 183137 14 183841 14 184545 14 185249 14 185953 14 186657 14 187361 13 188065 13 188769 13 189474 11 190178 11 190882 10 191586 9 192291 7 192995 6 193701 2
7ae19de7bc2a,38855 4 39557 7 40259 9 40962 10 41664 12 42367 13 43069 14 43771 16 44474 17 45177 18 45881 17 46584 18 47287 19 47991 18 48694 19 49397 20 50101 19 50804 20 51508 19 52212 19 52916 18 53621 17 54325 16 55030 13 55734 11 56438 10 57141 9 57845 7 58549 6 59252 6 59956 4 60660 3
7ae19de7bc2a,324084 6 324786 10 325489 12 326193 13 326897 14 327601 15 328305 16 329009 16 329714 16 330418 17 331123 17 331828 17 332534 15 333239 15 333945 13 334651 11 335358 7
7ae19de7bc2a,248088 10 248791 13 249494 16 250198 19 250902 21 251606 23 252311 24 253016 24 253721 24 254427 22 255133 20 255839 18 256546 14 257255 8
7ae19de7bc2a,124730 6 125433 8 126135 11 126838 14 127541 15 128245 17 128949 17 129653 18 130358 18 131063 18 131769 17 132476 14 133182 11 133889 7
7ae19de7bc2a,46202 8 46902 12 47603 15 48305 16 49007 18 49710 18 50413 18 51116 18 51820 17 52524 16 53228 16 53932 15 54637 13 55342 11 56047 9 56753 6
7ae19de7bc2a,224280 7 224978 16 225679 21 226381 23 227083 25 227786 26 228490 25 229194 23 229898 21 230604 17 231311 12
7ae19de7bc2a,126039 5 126739 11 127439 16 128139 20 128840 23 129542 25 130244 26 130947 27 131651 26 132355 26 133059 26 133763 25 134468 23 135172 22 135877 20 136581 20 137286 18 137990 17 138695 15 139399 14 140103 13 140808 11 141512 9 142216 8 142920 6 143625 4
7ae19de7bc2a,258517 3 259218 11 259922 13 260626 14 261330 15 262034 16 262738 17 263442 17 264147 17 264851 17 265555 17 266260 16 266964 16 267668 16 268373 15 269077 14 269782 12 270486 11 271191 9 271896 7 272601 4
7ae19de7bc2a,288538 10 289239 16 289941 20 290644 22 291347 23 292051 23 292756 22 293460 21 294166 19 294872 16 295579 12
7ae19de7bc2a,114869 1 115571 5 116274 7 116977 9 117680 11 118384 11 119088 12 119792 13 120495 14 121199 14 121903 14 122608 13 123312 11 124016 10 124720 8 125425 6 126130 3
7ae19de7bc2a,3369 9 4070 15 4772 19 5476 20 6179 21 6883 22 7588 20 8293 19 8999 15
7ae19de7bc2a,118812 5 119516 8 120219 12 120923 13 121626 14 122330 15 123034 15 123738 15 124442 15 125146 15 125850 15 126553 16 127257 15 127961 15 128665 15 129369 15 130073 15 130777 15 131481 15 132185 14 132889 13 133594 11 134301 7
7ae19de7bc2a,101402 11 102102 20 102804 24 103507 25 104210 26 104914 26 105619 24 106324 21 107030 17 107738 8
7ae19de7bc2a,114559 2 115261 6 115963 8 116666 9 117370 10 118073 11 118777 11 119480 12 120184 12 120888 12 121591 13 122295 13 122999 13 123703 13 124407 13 125111 13 125815 13 126519 13 127224 11 127928 11 128632 11 129337 9 130041 9 130746 8 131450 8 132155 6 132860 4
7ae19de7bc2a,131053 10 131753 16 132454 21 133156 23 133859 23 134562 22 135265 20 135968 19 136672 16 137376 13 138080 11 138785 7
7ae19de7bc2a,64 9 764 13 1457 24 2161 23 2864 24 3568 23 4272 22 4976 22 5680 21 6384 20 7088 19 7791 18 8495 16 9198 16 9902 14 10605 14 11308 14 12012 13 12715 12 13419 11 14123 10 14826 10 15530 9 16234 6
7ae19de7bc2a,210667 9 211368 15 212069 20 212771 24 213473 27 214176 28 214880 29 215584 29 216289 29 216995 27 217702 24 218409 20 219117 16 219826 9
7ae19de7bc2a,60100 2 60803 9 61506 10 62209 12 62912 13 63616 14 64320 14 65024 15 65728 15 66432 16 67137 16 67842 16 68547 15 69253 14 69959 13 70665 11 71371 9 72078 6
7ae19de7bc2a,227559 4 228260 9 228963 12 229666 14 230369 15 231073 15 231777 16 232481 16 233185 16 233890 14 234595 12 235301 9
7ae19de7bc2a,188005 8 188708 11 189411 13 190114 14 190818 14 191522 14 192226 14 192930 15 193634 15 194339 15 195043 15 195747 16 196451 16 197155 16 197859 16 198563 15 199268 13 199972 12 200676 11 201382 6
7ae19de7bc2a,110118 5 110821 8 111524 11 112228 12 112931 15 113635 16 114339 17 115043 18 115747 19 116451 19 117155 19 117860 18 118564 18 119269 17 119980 8
7ae19de7bc2a,140004 13 140707 19 141411 20 142114 21 142818 21 143522 21 144226 21 144930 21 145634 20 146339 19 147043 18 147747 18 148451 18 149155 17 149859 17 150564 16 151268 15 151973 14 152677 13 153382 12 154087 10 154792 7
7ae19de7bc2a,204352 4 205056 5 205759 7 206463 7 207166 9 207870 9 208574 10 209278 10 209981 11 210685 12 211389 12 212093 13 212797 13 213501 13 214205 13 214909 13 215614 13 216319 11 217024 10 217730 8
7ae19de7bc2a,355113 5 355816 7 356518 9 357220 11 357922 13 358625 14 359329 14 360032 14 360736 14 361441 12 362145 12 362850 10 363554 9 364259 8 364964 6 365669 4
7ae19de7bc2a,337748 1 338451 4 339154 6 339858 7 340562 7 341265 9 341969 9 342673 10 343377 11 344081 12 344785 13 345488 15 346192 16 346896 17 347600 17 348304 17 349008 17 349712 17 350416 17 351120 18 351824 18 352529 17 353233 17 353937 17 354641 17 355345 18 356049 18 356754 17 357458 17 358162 17 358867 16 359571 16 360276 15 360981 13 361685 13 362390 12 363095 11 363801 9 364506 7
7ae19de7bc2a,40224 3 40927 4 41630 5 42334 6 43037 7 43740 8 44444 8 45148 9 45851 10 46555 11 47258 12 47962 12 48666 12 49370 12 50074 12 50778 11 51482 10 52186 8 52890 5
7ae19de7bc2a,165015 8 165717 13 166420 14 167123 15 167827 15 168531 14 169235 13 169939 12 170644 9 171349 5
7ae19de7bc2a,33593 4 34297 6 35001 8 35705 10 36409 12 37114 12 37818 14 38522 15 39227 15 39932 14 40637 13 41342 12 42049 8
7ae19de7bc2a,355838 1 356540 4 357243 5 357945 8 358648 9 359350 11 360053 12 360755 13 361458 14 362162 13 362866 12 363570 11 364275 9 364981 6
7ae19de7bc2a,236448 10 237151 14 237855 16 238559 18 239263 19 239968 20 240674 19 241379 19 242084 19 242788 20 243492 20 244196 20 244902 17 245606 2 245615 5
7ae19de7bc2a,10524 6 11227 8 11930 10 12633 12 13336 14 14040 14 14743 16 15447 17 16151 18 16855 17 17560 16 18264 15 18969 13 19674 11 20380 7
7ae19de7bc2a,346511 4 347204 18 347907 20 348609 23 349313 24 350016 26 350720 27 351423 29 352127 30 352831 31 353535 31 354239 31 354943 30 355647 29 356351 28 357056 25 357759 24 358463 23 359167 20 359872 16 360576 11
7ae19de7bc2a,117179 5 117882 9 118586 11 119290 12 119994 13 120698 14 121402 15 122107 14 122811 15 123516 14 124221 13 124926 12 125631 11 126336 8
7ae19de7bc2a,77097 5 77799 8 78503 9 79206 11 79910 11 80613 12 81317 12 82020 13 82724 13 83427 14 84131 13 84834 13 85538 13 86242 12 86946 11 87650 11 88354 10 89058 9 89762 8 90467 7 91171 6 91875 5 92580 2
7ae19de7bc2a,307452 4 308153 10 308855 14 309558 16 310262 17 310966 18 311670 19 312374 19 313079 19 313783 20 314487 20 315192 20 315896 20 316601 19 317305 19 318010 18 318714 17 319419 15 320123 14 320827 13 321531 12 322236 10 322940 10 323644 9 324348 9 325052 8 325757 7 326462 5
7ae19de7bc2a,321740 1 322441 13 323144 16 323848 18 324553 18 325257 19 325962 18 326667 18 327372 16 328076 16 328782 14 329487 12 330192 10 330898 6
7ae19de7bc2a,44828 3 45532 6 46236 8 46940 12 47644 19 48348 22 49052 22 49757 22 50461 22 51165 22 51870 21 52575 19 53280 18 53988 13
7ae19de7bc2a,77929 2 78629 8 79329 12 80030 16 80732 18 81435 19 82139 18 82843 18 83547 17 84251 17 84956 16 85660 15 86365 14 87070 12 87774 12 88479 11 89184 9 89889 8 90595 5
7ae19de7bc2a,38504 7 39206 12 39909 14 40613 15 41317 16 42021 16 42725 17 43429 17 44133 17 44837 17 45542 16 46247 14 46953 11
7ae19de7bc2a,244750 4 245453 6 246157 8 246861 9 247564 11 248268 12 248972 13 249677 13 250381 14 251085 15 251789 16 252493 16 253197 17 253902 16 254606 16 255311 14 256016 12 256723 7
7ae19de7bc2a,64820 4 65523 6 66226 8 66930 8 67633 10 68337 10 69040 11 69744 11 70448 11 71151 11 71855 11 72559 11 73263 10 73967 9 74671 8 75375 7 76080 4 76784 3
7ae19de7bc2a,96546 9 97245 27 97946 32 98648 35 99352 35 100056 35 100760 34 101464 33 102169 30 102874 28 103580 23 104286 19 104991 15 105698 9
7ae19de7bc2a,46529 15 47232 17 47935 19 48640 18 49344 19 50050 17 50755 16 51461 15 52166 14 52872 11 53577 10 54284 5
7ae19de7bc2a,167139 2 167842 4 168545 6 169248 7 169951 8 170653 9 171354 12 172055 15 172759 14 173463 13 174167 12 174871 11 175578 3
7ae19de7bc2a,198102 5 198805 9 199508 12 200212 14 200916 16 201620 18 202324 19 203029 19 203733 19 204437 20 205142 19 205846 18 206551 17 207256 15 207969 5 208675 1
7ae19de7bc2a,296200 4 296898 13 297598 19 298301 21 299005 23 299709 24 300413 25 301117 25 301822 24 302526 24 303231 23 303935 23 304640 22 305345 21 306050 19 306755 17 307460 15 308165 13 308871 9
7ae19de7bc2a,184629 6 185332 8 186036 9 186740 10 187444 11 188149 11 188853 12 189557 14 190261 15 190966 15 191670 15 192374 16 193079 15 193783 15 194487 15 195191 15 195896 14 196600 14 197305 13 198009 12 198714 11 199418 11 200123 10 200828 8 201532 8 202238 5
7ae19de7bc2a,48445 17 49146 21 49848 24 50550 25 51253 26 51957 25 52661 24 53365 23 54069 22 54773 21 55477 20 56181 19 56885 18 57589 17 58294 15 58998 14 59703 12 60408 10 61113 8 61818 6
7ae19de7bc2a,235971 5 236674 8 237378 9 238082 11 238786 13 239490 14 240194 15 240899 16 241603 17 242308 18 243012 20 243717 21 244422 20 245128 18 245833 17 246539 16 247246 13 247952 10 248657 9 249363 6 250068 4
7ae19de7bc2a,279267 8 279968 14 280671 17 281375 19 282079 20 282784 21 283488 22 284193 22 284898 22 285603 22 286309 22 287015 21 287722 19 288429 17 289135 16 289842 14 290547 13 291253 11 291959 9 292665 7
7ae19de7bc2a,300927 1 301628 8 302331 11 303035 12 303739 13 304443 14 305148 13 305852 13 306557 12 307261 12 307965 11 308669 11 309374 9 310080 5
7ae19de7bc2a,119104 3 119806 8 120509 11 121213 12 121917 14 122621 16 123325 18 124029 20 124736 19 125441 19 126146 20 126852 20 127556 20 128262 18 128966 18 129672 15 130379 11 131086 5
7ae19de7bc2a,38023 3 38721 11 39425 12 40129 12 40833 13 41537 12 42241 12 42945 11 43649 5
7ae19de7bc2a,176645 6 177344 15 178044 20 178745 24 179448 25 180152 25 180856 25 181560 25 182264 24 182968 24 183672 23 184376 22 185081 20 185785 19 186489 18 187194 16 187898 15 188602 14 189307 11 190011 10 190715 9 191420 7 192125 5
7ae19de7bc2a,350065 3 350768 5 351471 7 352175 8 352878 9 353582 11 354286 12 354990 11 355694 12 356398 12 357102 12 357806 12 358511 12 359215 12 359920 11 360625 10 361330 9 362035 8 362740 7 363446 5 364151 4
7ae19de7bc2a,288271 2 288971 8 289674 9 290378 9 291081 11 291785 11 292488 12 293192 12 293896 12 294600 12 295305 10 296009 10 296713 9 297417 9 298122 7 298826 6 299531 5 300235 4
7ae19de7bc2a,318197 9 318898 14 319599 17 320301 19 321003 21 321706 22 322408 24 323111 25 323814 25 324518 24 325222 22 325926 19 326631 11
7ae19de7bc2a,75251 4 75954 6 76656 9 77359 10 78063 10 78766 10 79469 11 80172 12 80876 12 81580 12 82283 12 82986 13 83689 14 84391 15 85093 17 85793 21 86495 22 87199 22 87903 21 88607 20 89311 20 90016 18 90721 16 91427 13 92132 11 92838 8
7ae19de7bc2a,70353 7 71056 9 71759 11 72463 12 73167 13 73871 14 74575 14 75279 14 75984 14 76688 14 77392 15 78097 14 78801 14 79506 13 80211 13 80916 12 81620 12 82326 10 83031 9 83736 6
7ae19de7bc2a,246396 1 247098 6 247800 9 248504 9 249207 10 249911 10 250615 10 251319 10 252023 10 252727 10 253431 10 254135 10 254839 10 255543 10 256247 10 256951 10 257655 10 258360 9 259064 9 259768 9 260473 8
7ae19de7bc2a,360403 14 361106 28 361809 32 362513 34 363218 36 363923 37 364629 36 365335 35 366043 31
7ae19de7bc2a,314894 3 315596 7 316299 9 317002 11 317706 13 318410 13 319114 14 319819 14 320524 14 321228 15 321933 14 322638 12 323343 11 324048 8 324753 6
7ae19de7bc2a,144276 9 144975 23 145678 26 146381 27 147086 26 147790 26 148495 25 149200 23 149906 20 150612 15 151318 11
7ae19de7bc2a,169447 6 170149 10 170851 13 171554 15 172256 18 172958 20 173660 22 174362 24 175064 26 175765 28 176467 27 177170 26 177873 24 178576 22 179281 19 179986 17 180692 12
7ae19de7bc2a,326128 5 326828 10 327529 13 328231 15 328932 17 329634 19 330336 20 331037 22 331739 23 332441 24 333144 23 333847 23 334550 23 335254 21 335957 21 336661 19 337365 18 338069 16 338772 15 339476 13 340179 13 340883 11 341586 11 342289 11 342992 11 343696 10 344400 9 345105 7
7ae19de7bc2a,165708 3 166410 7 167113 9 167816 11 168519 12 169222 12 169926 12 170630 11 171334 10 172038 8 172742 6 173447 2
7ae19de7bc2a,36875 4 37575 10 38277 12 38979 14 39681 16 40384 18 41088 18 41792 18 42497 17 43202 16 43908 13 44614 10 45319 8 46025 5
7ae19de7bc2a,186615 4 187317 8 188019 11 188721 14 189425 15 190128 16 190832 17 191536 17 192240 18 192945 17 193649 18 194354 17 195058 16 195763 15 196467 14 197173 10
7ae19de7bc2a,39905 4 40606 7 41308 9 42011 10 42715 10 43420 9 44125 8 44831 6 45538 4 46244 3 46952 1 47663 4
7ae19de7bc2a,1152 5 1854 9 2558 10 3262 11 3966 12 4670 12 5374 13 6078 13 6782 13 7486 13 8190 13 8895 12 9599 12 10304 10 11009 8 11714 4
7ae19de7bc2a,234319 2 235021 9 235725 11 236428 14 237132 16 237836 17 238540 17 239243 19 239947 18 240651 18 241355 18 242059 17 242763 17 243467 16 244171 15 244876 12 245581 10
7ae19de7bc2a,220208 4 220910 8 221612 10 222315 12 223018 13 223722 14 224426 14 225130 15 225834 15 226539 14 227243 14 227947 14 228652 13 229357 12 230061 11 230766 10 231471 9 232177 6
7ae19de7bc2a,107132 9 107835 12 108539 13 109243 13 109947 13 110651 13 111356 12 112061 10 112766 9 113472 5
7ae19de7bc2a,75391 4 76094 6 76797 7 77501 8 78204 9 78907 11 79609 13 80312 14 81015 15 81719 15 82422 16 83126 16 83830 16 84533 17 85237 17 85941 17 86645 17 87348 18 88052 17 88756 17 89461 16 90165 15 90869 14 91574 13 92279 11 92986 7
7ae19de7bc2a,93402 3 94104 6 94806 9 95508 11 96212 12 96916 12 97620 12 98324 13 99028 13 99732 13 100437 12 101142 10 101846 10 102551 8 103257 5
7ae19de7bc2a,348210 1 348911 5 349613 7 350312 12 350994 12 351013 15 351698 34 352401 35 353105 35 353809 34 354513 34 355217 33 355921 32 356626 30 357330 29 358034 28 358738 27 359442 26 360146 25 360850 24 361554 23 362258 22 362962 21 363667 19 364371 17
7ae19de7bc2a,116865 13 117569 15 118273 16 118977 17 119681 18 120385 19 121089 20 121793 20 122497 20 123201 19 123906 17 124611 12
7ae19de7bc2a,324249 5 324952 8 325654 11 326358 11 327061 12 327764 13 328468 13 329171 14 329875 13 330579 13 331282 14 331986 14 332690 13 333393 14 334097 14 334801 13 335505 13 336209 12 336913 11 337618 9
7ae19de7bc2a,335033 9 335735 17 336439 22 337143 24 337848 24 338553 25 339258 25 339964 25 340670 24 341376 23 342081 23 342787 22 343493 20 344199 18 344905 16 345611 14 346318 10 347025 6
7ae19de7bc2a,278277 3 278978 11 279680 15 280383 18 281086 20 281790 20 282494 21 283198 21 283902 22 284607 21 285311 22 286015 22 286719 23 287424 22 288128 22 288832 21 289537 20 290242 18 290947 16 291653 13 292359 8
7ae19de7bc2a,168649 5 169351 8 170054 9 170757 10 171461 10 172164 11 172867 12 173571 12 174274 13 174977 13 175681 13 176384 14 177088 14 177791 14 178495 14 179198 14 179902 13 180605 14 181309 13 182012 13 182716 12 183419 12 184123 11 184826 12 185529 12 186233 11 186937 10 187641 10 188345 9 189049 8 189754 6 190460 3
7ae19de7bc2a,208249 1 208952 6 208962 5 209656 15 210361 15 211065 15 211769 15 212473 15 213178 15 213883 14 214588 13 215293 12 215998 10 216704 7 217409 5
7ae19de7bc2a,29344 6 30046 10 30749 13 31452 17 32156 20 32860 22 33564 23 34268 22 34972 21 35676 19 36381 16 37086 14 37791 10 38497 5
7ae19de7bc2a,112833 7 113536 12 114240 13 114944 15 115648 15 116352 16 117057 16 117762 15 118466 15 119171 14 119877 11 120582 9 121288 6
7ae19de7bc2a,82640 8 83343 10 84046 12 84751 12 85455 12 86159 13 86864 12 87569 12 88273 12 88978 12 89683 11 90387 12 91092 11 91796 12 92501 11 93205 12 93910 12 94614 12 95318 13 96023 13 96727 13 97432 13 98136 14 98840 14 99545 13 100249 13 100954 12 101659 10 102364 7
7ae19de7bc2a,219801 3 220505 4 221208 6 221912 7 222615 9 223319 10 224023 11 224727 11 225431 12 226135 13 226840 12 227544 13 228249 11 228954 9 229659 7 230364 5 231070 3
7ae19de7bc2a,219841 2 220544 6 221248 9 221952 11 222657 11 223361 13 224066 13 224770 15 225475 15 226180 15 226885 14 227589 15 228294 14 229000 13 229705 12 230410 10 231115 9 231820 7 232526 5
7ae19de7bc2a,299548 4 300251 6 300954 7 301658 8 302361 9 303065 10 303769 10 304472 11 305176 11 305880 12 306584 12 307288 12 307992 12 308696 12 309400 12 310104 12 310808 12 311512 12 312216 12 312920 12 313624 12 314328 12 315033 10 315737 10 316441 10 317145 10 317850 9 318554 9 319258 9 319962 8 320667 7 321372 6 322077 4 322782 3
7ae19de7bc2a,59198 4 59901 6 60605 7 61308 8 62012 9 62715 11 63418 12 64122 13 64826 15 65529 18 66234 17 66938 17 67643 16 68347 15 69051 14 69755 13 70459 12 71163 11 71867 10 72572 7 73278 4
7ae19de7bc2a,566 11 1269 14 1972 15 2676 16 3381 16 4085 17 4791 16 5496 16 6200 16 6905 15 7608 15 8312 14 9018 10 9726 4
7ae19de7bc2a,288519 8 289219 13 289922 15 290626 16 291330 16 292034 17 292738 17 293443 16 294148 14 294853 13 295557 13 296262 11 296968 7
7ae19de7bc2a,293184 6 293886 10 294590 10 295293 12 295997 12 296700 13 297404 13 298108 14 298813 13 299517 14 300222 13 300926 1 300928 11 301636 6 302342 2
7ae19de7bc2a,41077 3 41779 9 42482 15 43185 17 43889 19 44593 21 45298 21 46003 21 46709 19 47415 17 48121 14 48827 12 49532 6 50239 2
7ae19de7bc2a,246538 1 247241 5 247944 8 248648 9 249352 11 250056 12 250760 13 251465 13 252169 14 252874 14 253579 13 254284 13 254989 12 255694 12 256399 11 257103 11 257808 10 258513 4 258520 1
7ae19de7bc2a,252511 2 253214 5 253918 6 254622 7 255325 8 256028 10 256730 13 257433 15 258137 16 258842 16 259546 16 260251 16 260956 15 261661 14 262366 13 263071 13 263776 11 264481 10 265186 9 265892 7 266597 5
7ae19de7bc2a,201240 6 201942 11 202644 14 203347 16 204050 18 204754 19 205458 19 206162 20 206866 19 207571 18 208275 18 208979 17 209683 17 210387 16 211091 16 211795 15 212499 15 213204 13 213909 12 214613 11 215318 10 216023 8 216728 7 217433 5 218138 3
7ae19de7bc2a,111020 6 111717 13 112418 17 113120 19 113824 18 114527 19 115232 18 115936 17 116640 17 117344 16 118049 15 118753 14 119458 13 120163 11 120869 9 121574 7 122282 1
7ae19de7bc2a,216470 15 217174 17 217878 17 218582 18 219286 18 219990 18 220694 19 221398 19 222103 18 222807 18 223512 17 224216 17 224921 16 225627 14 226333 12 227038 11 227744 9 228449 8 229154 6 229859 5 230564 3
7ae19de7bc2a,173240 3 173942 9 173961 1 174645 23 175349 24 176053 24 176757 24 177461 25 178165 25 178869 25 179574 25 180279 24 180984 8 180997 9 181690 1 181704 6 182410 4
7ae19de7bc2a,44399 5 45098 11 45796 18 46496 22 47198 23 47900 25 48601 27 49304 28 50008 27 50712 26 51417 24 52123 21 52830 17 53544 5
7ae19de7bc2a,110999 2 111700 7 112402 11 113103 15 113806 17 114509 18 115212 20 115916 20 116620 20 117325 19 118029 20 118734 19 119439 18 120146 15 120852 13 121559 9 122267 3
7ae19de7bc2a,321730 1 322433 5 323137 7 323841 7 324545 8 325249 8 325954 8 326658 9 327363 9 328068 8 328773 9 329478 9 330183 9 330888 10 331593 15 332298 15 333004 16 333709 16 334415 15 335121 13 335827 10 336533 8
7ae19de7bc2a,160216 6 160918 9 161620 11 162322 13 163025 13 163728 14 164430 16 165134 16 165837 17 166540 17 167244 17 167948 17 168654 15 169359 14 170063 14 170767 14 171471 14 172175 11 172879 10 173583 10 174287 10 174990 9 175694 7 176398 5 177102 4
7ae19de7bc2a,278368 4 279069 11 279772 13 280476 14 281180 14 281884 14 282589 13 283294 12 283999 11 284705 9
7ae19de7bc2a,117076 3 117778 8 118481 12 119185 13 119888 15 120591 16 121294 17 121995 20 122697 21 123400 20 124102 19 124804 18 125506 16 126209 12 126916 1
7ae19de7bc2a,346565 12 347261 22 347962 25 348666 25 349370 25 350074 25 350778 24 351482 24 352186 23 352890 23 353594 23 354298 23 355002 23 355706 23 356410 24 357114 24 357819 23 358525 20 359230 19 359936 15 360642 8
7ae19de7bc2a,34772 8 35474 16 36177 20 36880 22 37585 21 38289 21 38993 20 39697 18 40402 14 41106 11 41810 9 42514 8 43218 6 43921 6 44624 6 45327 5 46033 2
7ae19de7bc2a,209455 5 210158 8 210862 10 211565 12 212268 13 212971 15 213675 15 214379 15 215082 17 215786 17 216490 17 217195 16 217899 16 218604 14 219309 12 220013 11 220718 8 221424 5
7ae19de7bc2a,1227 9 1930 10 2633 12 3336 14 4040 14 4744 15 5449 14 6153 14 6858 13 7562 14 8267 13 8972 12 9677 11 10382 11 11087 10 11792 9 12497 8 13202 7 13908 4
7ae19de7bc2a,126976 6 127679 8 128383 9 129087 10 129791 10 130495 10 131199 10 131903 10 132607 10 133311 9 134015 9 134719 9 135423 9 136127 9 136831 9 137535 9 138239 9 138943 9 139647 10 140351 10 141055 10 141759 10 142463 10 143167 11 143871 11 144575 11 145279 12 145984 11 146688 11 147392 12 148096 12 148801 11 149505 12 150210 11 150914 12 151618 13 152323 12 153027 12 153731 12 154436 11 155141 10 155845 10 156550 8 157255 6
7ae19de7bc2a,146710 5 147413 9 148117 11 148820 14 149524 16 150227 19 150931 21 151635 23 152340 24 153045 24 153750 25 154455 26 155160 27 155866 26 156572 25 157278 23 157986 19 158694 15 159403 9
7ae19de7bc2a,77577 3 78279 10 78981 14 79684 16 80388 16 81091 16 81795 16 82500 15 83204 15 83908 15 84613 13 85318 11 86023 9 86728 7
7ae19de7bc2a,330882 5 331586 7 332290 8 332994 10 333698 11 334402 13 335106 15 335810 17 336515 18 337220 19 337925 21 338629 23 339333 25 340038 25 340742 27 341447 27 342152 28 342857 29 343562 29 344268 28 344973 28 345679 27 346384 26 347089 25 347794 24 348499 23 349205 21 349910 20 350616 17 351323 14 352029 11 352735 8 353440 6
7ae19de7bc2a,297657 5 298360 10 299063 14 299766 17 300470 18 301174 18 301878 17 302583 15 303288 12 303993 10 304699 5
7ae19de7bc2a,135 21 840 20 1545 19 2250 17 2955 14 3661 9
7ae19de7bc2a,116488 4 117191 7 117894 9 118598 10 119302 11 120007 11 120712 11 121417 11 122121 12 122826 12 123530 13 124234 14 124938 15 125642 16 126346 16 127050 17 127755 16 128460 15 129166 13 129872 11 130579 7 131286 1
7ae19de7bc2a,313985 3 314689 4 315393 5 316097 6 316801 6 317505 7 318209 7 318913 8 319617 8 320321 8 321025 8 321729 1 321731 6 322438 3
7ae19de7bc2a,156297 5 156998 9 157699 12 158401 14 159105 13 159809 12 160513 11 161217 10 161921 9 162625 7 163329 6 164033 5 164737 4 165441 2
7ae19de7bc2a,92170 8 92872 11 93574 14 94278 14 94981 15 95684 16 96388 16 97091 17 97795 17 98500 15 99204 14 99910 10
7ae19de7bc2a,91451 8 92153 11 92856 13 93559 14 94263 14 94967 14 95671 13 96375 13 97079 12 97783 12 98487 12 99191 11 99895 10 100599 9 101304 7 102008 6
7ae19de7bc2a,89046 7 89747 11 90449 13 91152 15 91856 16 92561 15 93265 15 93970 14 94675 13 95379 13 96084 12 96788 11 97493 10 98197 9 98902 7 99606 6 100312 2
7ae19de7bc2a,16240 3 16939 8 17641 11 18343 13 19046 14 19749 16 20452 17 21155 17 21859 17 22562 17 23266 15 23970 13 24675 8 25380 3
7ae19de7bc2a,62832 4 63535 6 64238 8 64941 9 65645 9 66348 11 67052 11 67756 11 68460 11 69164 11 69868 11 70572 11 71276 11 71981 10 72685 10 73389 10 74094 9 74798 8 75502 8 76207 7 76911 6 77616 5
7ae19de7bc2a,197695 4 198399 5 199102 7 199806 8 200509 10 201212 12 201915 14 202618 16 203321 18 204024 19 204727 21 205431 20 206135 20 206839 20 207544 19 208250 16 208958 4 208967 3 209671 2
7ae19de7bc2a,80703 8 81407 11 82111 12 82815 14 83519 15 84224 15 84928 16 85633 16 86338 16 87043 16 87748 16 88454 15 89159 16 89864 16 90570 15 91275 14 91980 14 92685 13 93390 12 94096 8 94801 5 95507 1
7ae19de7bc2a,76892 2 77591 7 78289 13 78980 1 78995 11 79682 2 79700 10 80385 3 80404 10 81089 2 81107 11 81793 2 81811 10 82497 3 82515 10 83201 3 83219 10 83905 3 83923 9 84610 3 84626 10 85314 4 85329 10 86018 5 86032 11 86724 4 86735 11 87429 20 88134 16
d48ec7815252,269589 4 270292 6 270995 7 271698 8 272402 8 273105 9 273808 9 274512 9 275215 9 275918 8 276621 8 277324 8 278028 7 278731 7 279434 7 280137 7 280840 8 281543 8 282247 7 282950 7 283652 9 284355 9 285058 10 285760 12 286463 13 287165 15 287866 18 288563 25 289268 24 289972 23 290676 23 291381 21 292085 21 292789 21 293493 21 294196 21 294899 22 295602 23 296304 24 297007 25 297710 26 298413 27 299116 28 299819 29 300522 30 301225 32 301928 33 302631 35 303335 35 304039 36 304745 2 304754 26 305458 27 306163 26 306866 27 307570 28 308274 27 308977 27 309681 12 309704 3 310385 6 311089 5 311793 4 312497 4
d48ec7815252,5264 2 5967 3 6670 4 7373 5 8077 5 8780 5 9483 6 10187 5 10890 6 11593 7 12297 6 13000 7 13704 6 14407 7 15111 6 15814 6 16518 6 17221 6 17925 6 18628 7 19332 6 20035 7 20739 6 21442 7 22145 7 22849 7 23552 8 24255 8 24959 8 25662 8 26366 8 27070 8 27773 9 28477 8 29181 8 29884 8 30588 8 31292 8 31996 7 32700 7 33403 8 34107 7 34810 8 35514 8 36218 7 36921 8 37625 8 38328 8 39032 8 39735 9 40439 8 41143 8 41846 9 42549 9 43253 9 43956 10 44660 9 45363 10 46066 11 46769 12 47472 12 48175 13 48878 13 49581 12 50284 12 50987 12 51690 12 52392 11 53095 11 53798 10 54500 10 55203 9 55906 9 56608 10 57309 11 58012 11 58715 10 59416 11 60118 12 60821 12 61523 12 62226 11 62929 11 63633 9 64337 6 65042 4
d48ec7815252,259199 5 259902 7 260606 7 261310 8 262014 8 262718 9 263422 9 264126 9 264830 9 265534 9 266238 9 266942 9 267647 8 268351 8 269055 8 269759 8 270463 8 271167 8 271871 8 272575 8 273279 8 273983 8 274687 8 275391 8 276095 8 276799 8 277503 8 278207 8 278911 8 279616 7 280320 7 281024 7 281728 7 282432 7 283136 7 283840 7 284544 7 285248 7 285952 7 286656 7 287360 7 288064 7 288768 7 289473 6 290177 6 290881 6 291585 6 292289 6 292993 6 293697 6 294401 6 295105 6 295809 6 296513 7 297217 7 297921 7 298625 7 299329 7 300033 7 300737 8 301441 8 302145 8 302849 8 303553 8 304257 8 304961 8 305665 8 306369 8 307073 8 307776 9 308480 10 309184 10 309888 11 310591 13 311295 14 311998 22 312702 23 313405 24 314109 24 314812 24 315514 25 316218 25 316921 25 317624 24 318323 28 319025 29 319728 29 320431 30 321134 30 321837 31 322541 30 323245 30 323949 30 324652 31 325356 31 326060 31 326764 31 327468 31 328172 31 328877 30 329581 30 330285 31 330989 31 331694 30 332399 28 333103 28 333808 27 334513 26 335217 26 335922 24 336627 23 337331 22 338037 20 338742 17 339447 15 340153 12 340860 7
d48ec7815252,107728 7 108430 10 109132 13 109832 17 110532 22 111235 23 111938 25 112642 25 113346 25 114050 25 114753 27 115457 27 116161 27 116865 28 117569 28 118273 29 118977 30 119681 30 120385 31 121089 32 121793 32 122497 32 123201 32 123905 32 124609 32 125313 32 126017 32 126721 31 127425 29 128129 27 128833 25 129537 24 130241 24 130945 23 131649 23 132353 23 133057 23 133761 22 134465 22 135169 22 135873 22 136577 22 137282 21 137986 22 138690 22 139394 22 140098 22 140802 22 141506 23 142210 23 142915 22 143619 22 144323 22 145028 21 145733 21 146437 21 147142 20 147847 20 148552 19 149257 18 149962 18 150667 17 151371 17 152076 17 152781 16 153485 16 154189 17 154894 16 155598 17 156302 17 157007 17 157711 17 158415 17 159119 18 159824 17 160528 18 161232 18 161936 19 162640 19 163344 19 164049 19 164753 19 165457 20 166161 20 166865 21 167570 20 168274 20 168979 20 169683 20 170387 21 171092 20 171796 21 172501 20 173205 20 173910 20 174615 19 175320 19 176024 19 176729 18 177433 19 178138 18 178843 17 179548 17 180253 16 180958 15 181662 16 182367 15 183072 14 183777 14 184482 13 185187 12 185891 12 186596 12 187300 12 188005 11 188710 11 189414 11 190118 11 190823 10 191527 11 192232 10 192936 10 193641 10 194345 10 195050 9 195754 9 196459 9 197163 9 197868 8 198572 9 199276 9 199981 8 200685 9 201390 8 202094 8 202798 8 203503 8 204207 8 204912 8 205616 8 206321 7 207025 8 207729 8 208434 7 209138 8 209843 7 210548 7 211252 7 211957 7 212661 7 213366 6 214070 7 214775 7 215480 6 216184 7 216889 6 217593 6 218297 7 219002 7 219707 6 220411 7 221115 8 221820 7 222524 8 223229 7 223933 8 224638 8 225342 9 226047 9 226751 9 227456 8 228161 8 228866 7 229570 7 230275 6 230980 5 231684 4
d48ec7815252,250773 5 251475 7 252177 10 252880 12 253583 13 254286 15 254990 16 255693 17 256397 18 257101 18 257805 19 258510 18 259214 19 259918 19 260623 19 261327 19 262032 19 262736 20 263441 19 264146 19 264850 19 265555 19 266260 19 266964 19 267669 19 268374 18 269078 19 269783 19 270488 18 271192 19 271897 18 272602 18 273307 18 274012 17 274716 18 275421 17 276126 17 276831 16 277536 16 278241 16 278945 16 279650 16 280355 15 281060 15 281765 15 282470 14 283175 14 283880 13 284585 13 285289 13 285994 13 286699 12 287404 12 288108 12 288813 12 289518 11 290222 12 290927 11 291631 11 292336 11 293041 10 293745 10 294450 10 295154 10 295859 9 296563 10 297268 9 297972 9 298677 8 299381 8 300086 7 300790 7 301494 7 302199 6 302903 6 303607 5 304312 4 305016 3
d48ec7815252,208242 4 208945 7 209648 9 210352 9 211055 10 211759 10 212463 10 213167 10 213872 9 214577 7 215281 7 215984 9 216687 11 217390 14 218093 24 218795 28 219498 30 220201 31 220904 31 221607 31 222310 31 223013 30 223717 28 224420 27 225124 26 225827 26 226532 23 227236 22 227941 19 228654 9 229359 7 230063 7 230767 6 231471 6 232175 6 232879 6 233582 8 234286 8 234991 6 235695 6 236399 5
d48ec7815252,253835 9 254538 11 255241 14 255944 17 256648 18 257351 20 258055 20 258759 21 259462 22 260166 22 260870 22 261574 23 262278 23 262982 23 263685 25 264389 26 265093 27 265797 27 266500 28 267204 28 267908 27 268612 27 269316 26 270019 26 270723 25 271427 24 272131 23 272834 23 273538 22 274242 22 274945 22 275648 22 276352 21 277055 21 277758 21 278461 22 279164 22 279867 23 280570 23 281272 25 281975 25 282678 26 283380 28 284083 28 284787 28 285491 27 286195 27 286900 25 287605 23 288312 19 289019 15 289725 11 290432 6
d48ec7815252,642 6 1346 6 2049 7 2753 7 3457 7 4161 7 4865 7 5569 7 6273 7 6977 7 7681 7 8385 7 9089 7 9793 7 10497 7 11201 7 11905 7 12609 7 13313 7 14016 8 14720 8 15424 8 16128 8 16832 8 17536 9 18240 9 18945 8 19649 9 20353 9 21057 10 21761 10 22465 10 23169 11 23873 11 24577 12 25281 12 25985 13 26689 13 27393 13 28097 14 28802 13 29507 12 30212 12 30918 11 31623 10 32328 10 33033 10 33738 10 34443 10 35149 10 35854 10 36559 11 37265 11 37970 15 38676 16 39381 21 40087 21 40794 17 41504 10
d48ec7815252,220451 17 221152 26 221853 33 222556 37 223259 42 223962 46 224665 49 225368 52 226072 53 226775 55 227478 57 228181 59 228885 59 229588 61 230291 63 230995 63 231698 64 232402 65 233106 65 233810 66 234515 65 235220 65 235925 65 236631 63 237337 62 238043 60 238750 58 239456 57 240162 55 240868 54 241574 52 242279 52 242984 51 243690 50 244395 49 245100 48 245805 46 246510 45 247214 45 247919 43 248624 42 249329 40 250034 38 250739 34 251444 31 252149 28 252854 26 253559 24 254263 23 254968 22 255673 20 256378 19 257083 18 257788 17 258493 17 259204 10 259909 9 260613 9 261318 8 262024 5 262730 2
d48ec7815252,262969 1 263671 6 264374 9 265077 12 265781 13 266484 15 267188 15 267891 16 268595 17 269298 18 270002 17 270706 17 271410 17 272114 17 272818 16 273522 16 274227 15 274932 13 275638 10 276344 8 277050 5
d48ec7815252,309850 2 310553 4 311257 5 311961 6 312665 6 313370 5 314074 6 314778 6 315482 7 316186 7 316891 6 317595 7 318299 7 319003 7 319708 7 320412 7 321116 8 321820 8 322524 8 323228 9 323932 9 324636 10 325340 10 326044 11 326748 11 327452 12 328156 13 328860 13 329564 14 330268 15 330972 16 331676 16 332380 17 333084 18 333788 19 334492 20 335196 21 335900 21 336603 24 337307 24 338011 25 338714 27 339418 28 340121 30 340825 31 341528 32 342232 33 342935 35 343638 37 344342 38 345045 40 345749 41 346452 43 347156 44 347860 45 348564 46 349268 47 349972 49 350676 50 351380 51 352084 53 352788 54 353493 55 354197 56 354901 58 355605 60 356309 61 357013 62 357716 63 358420 63 359124 11 359151 36 359828 7 359858 32 360564 30 361270 27 361975 25 362681 22 363388 16
d48ec7815252,265578 4 266282 5 266986 6 267690 7 268394 9 269098 9 269802 10 270507 9 271211 9 271916 9 272620 9 273325 8 274029 9 274734 9 275438 9 276143 9 276847 9 277552 9 278257 8 278961 9 279666 8 280370 8 281075 7 281780 7 282484 8 283189 7 283893 8 284598 7 285302 8 286007 8 286711 8 287416 8 288120 8 288825 8 289529 9 290234 8 290938 9 291642 9 292347 9 293051 10 293756 10 294460 11 295164 11 295869 11 296573 12 297277 14 297981 14 298686 14 299390 15 300095 15 300799 16 301503 16 302208 16 302913 16 303617 16 304322 16 305027 15 305731 16 306436 15 307141 15 307846 14 308551 14 309256 13 309961 12 310665 13 311371 11 312075 11 312780 11 313484 11 314189 10 314894 10 315598 10 316303 9 317007 9 317712 9 318417 8 319122 8 319826 8 320530 9 321235 8 321940 7 322644 8 323349 7 324053 8 324758 7 325462 8 326167 7 326872 7 327576 7 328280 8 328985 8 329690 7 330394 8 331099 7 331803 8 332508 8 333213 8 333917 9 334622 9 335326 9 336031 9 336735 11 337440 11 338144 11 338849 11 339553 11 340258 10 340962 10 341667 9 342372 9 343076 9 343781 8 344486 7 345190 7 345895 7 346599 8 347304 7 348009 7 348713 7 349418 7 350122 7 350827 7 351532 7 352236 7 352941 6 353645 7 354350 7 355055 6 355759 7 356464 6 357168 7 357873 6 358577 7 359282 7 359986 7 360691 6 361395 6 362100 6 362805 5 363509 5 364214 3
d48ec7815252,151750 5 152451 9 153153 12 153176 2 153855 16 153875 9 154554 34 155255 37 155952 43 156651 47 157332 5 157349 52 158037 67 158742 64 159446 62 160151 60 160857 56 161563 53 162269 50 162978 44 163684 41 164391 37 165100 31 165806 28 166513 24 167219 21 167924 20 168629 19 169334 17 170039 16 170744 14 171448 14 172152 13 172857 12 173561 12 174266 11 174970 11 175675 10 176379 10 177083 10 177787 10 178491 10 179196 9 179900 9 180604 9 181309 8 182013 8 182718 7 183422 7 184126 7 184831 6 185535 6 186240 6 186944 6 187649 5 188353 6 189057 6 189762 6 190466 6 191170 6 191874 6 192579 5 193284 4 193988 5 194693 5 195397 6 196101 6 196805 6 197510 5 198215 5 198919 5 199624 4 200328 5 201032 5 201737 4
d48ec7815252,169771 9 170474 12 171177 14 171881 15 172585 16 173289 17 173994 17 174699 17 175404 18 176109 18 176814 19 177519 20 178223 23 178928 25 179633 27 180338 29 181042 31 181747 31 182451 32 183156 31 183861 31 184565 31 185270 31 185974 32 186679 32 187383 33 188088 33 188793 33 189498 34 190213 24 190921 22 191629 20 192336 19 193044 17 193751 16 194459 15 195166 14 195874 13 196581 13 197287 14 197994 14 198700 14 199407 14 200113 13 200820 12 201526 11 202233 8 202940 5
d48ec7815252,100448 4 101151 6 101854 7 102557 8 103260 9 103963 10 104665 13 105368 14 106070 16 106771 19 107472 22 108175 23 108876 26 109578 28 110280 30 110984 31 111688 31 112392 31 113096 31 113801 31 114506 30 115211 29 115918 26 116625 24 117330 23 118037 20 118743 19 119449 17 120153 18 120857 18 121562 18 122266 18 122970 19 123674 20 124378 21 125082 22 125786 23 126490 24 127194 25 127898 27 128602 29 129306 31 130011 32 130715 34 131419 35 132123 35 132827 36 133531 36 134235 37 134939 37 135643 37 136347 38 137052 37 137756 37 138460 37 139164 37 139868 37 140572 37 141276 37 141980 37 142684 37 143388 36 144092 36 144796 35 145500 35 146204 34 146908 33 147612 32 148316 30 149020 28 149724 25 150428 24 151132 22 151835 22 152539 20 153243 19 153947 18 154651 17 155355 16 156059 16 156763 15 157467 14 158171 13 158874 13 159578 12 160282 12 160986 11 161690 10 162394 9 163098 8 163803 6 164507 4
d48ec7815252,356 1 1057 6 1753 14 2456 15 3160 15 3864 15 4568 15 5272 15 5976 15 6681 14 7385 14 8089 14 8793 14 9497 14 10201 14 10905 14 11610 13 12314 13 13018 13 13722 12 14426 12 15130 12 15834 12 16538 12 17242 11 17946 11 18649 12 19353 12 20057 11 20761 11 21464 12 22168 12 22872 12 23575 12 24279 12 24983 12 25686 13 26390 13 27093 14 27796 15 28500 15 29203 16 29906 17 30610 17 31313 18 32016 20 32719 21 33423 21 34126 22 34829 23 35532 24 36235 26 36938 26 37641 27 38344 27 39048 26 39751 26 40455 25 41158 25 41862 24 42566 23 43269 23 43973 22 44677 20 45381 18 46085 17 46789 16 47493 15 48197 14 48901 13 49605 12 50309 12 51014 10 51718 9 52423 8 53128 6 53832 5 54538 2
d48ec7815252,113223 5 113926 7 114629 7 115332 8 116035 9 116739 8 117442 8 118145 8 118849 7 119552 7 120256 6 120958 7 121661 7 122365 6 123069 6 123772 6 124475 6 125179 6 125882 6 126586 6 127289 6 127992 7 128695 7 129398 8 130101 9 130804 10 131507 11 132210 12 132914 12 133617 13 134321 13 135025 13 135729 13 136433 14 137137 14 137842 13 138546 14 139251 13 139955 14 140660 14 141365 13 142069 15 142775 14 143483 13 144189 12 144896 13 145601 14 146307 15 147013 13 147720 10 148427 7
d48ec7815252,104522 4 105225 11 105930 17 106635 40 107340 79 108047 97 108755 111 109469 104 110203 77 110926 58 111639 48 112347 43 113054 39 113760 35 114466 31 115171 24 115875 12 116579 8 117283 6 117990 1
d48ec7815252,118033 4 118738 5 119443 6 120147 6 120851 6 121556 6 122260 6 122964 6 123668 6 124372 6 125076 6 125780 6 126484 6 127188 6 127891 7 128595 7 129299 7 130003 8 130707 8 131410 9 132114 9 132818 9 133522 9 134225 10 134929 10 135632 11 136336 11 137040 12 137744 12 138447 13 139150 14 139854 14 140558 14 141261 15 141965 15 142668 16 143372 16 144075 17 144778 18 145482 18 146185 19 146888 20 147591 21 148294 22 148997 23 149699 25 150402 26 151102 30 151804 31 152502 37 153195 48 153893 54 154594 57 155297 58 156005 54 156731 32 157438 29 158146 25 158853 21 159559 19 160265 17 160970 16 161676 14 162382 12 163087 11 163792 10 164497 9 165202 7 165907 6 166613 3
d48ec7815252,55832 10 56535 12 57238 16 57940 29 58643 33 59346 36 60049 38 60752 39 61455 39 62158 38 62861 36 63565 34 64268 34 64972 33 65676 33 66381 32 67085 32 67790 32 68494 32 69199 31 69904 30 70608 30 71313 28 72017 28 72722 26 73426 25 74130 24 74834 22 75539 20 76243 16 76947 10 77650 9 78354 7 79058 6
d48ec7815252,316785 1 317488 2 318190 4 318893 4 319596 4 320299 4 321002 5 321705 5 322407 7 323109 8 323806 14 324502 21 325194 33 325898 33 326602 34 327307 34 328012 34 328716 35 329420 35 330125 35 330831 33 331539 29 332245 27 332950 18 333654 16 334359 12 335063 9 335767 8 336471 7 337175 6 337879 6 338582 7 339286 6 339989 7 340693 6 341397 6 342100 7 342803 8 343507 7 344211 7 344915 6
d48ec7815252,57696 3 58398 5 59102 5 59805 7 60508 8 61211 10 61915 10 62618 11 63322 12 64026 12 64729 14 65433 14 66137 15 66841 15 67545 16 68249 17 68953 17 69657 18 70361 19 71065 20 71769 20 72473 20 73177 21 73881 22 74586 22 75290 23 75994 23 76698 24 77402 25 78106 25 78810 26 79514 26 80218 26 80922 25 81626 24 82330 22 83035 20 83739 19 84443 18 85147 17 85851 16 86555 15 87259 14 87963 14 88667 13 89371 12 90075 11 90779 11 91483 10 92187 10 92891 9 93596 7 94300 7 95004 6 95709 5 96413 4 97118 2
d48ec7815252,149908 13 150611 13 151314 13 152017 13 152719 15 153422 15 154124 16 154826 17 155527 20 156230 20 156933 20 157637 19 158340 20 159046 17 159751 16 160456 14 161160 13 161865 12 162569 11 163274 9 163978 8 164682 7 165386 6 166089 6 166792 6 167496 5 168199 5 168903 4 169606 5 170310 4 171012 6 171716 5 172419 5 173123 5 173825 6 174529 6 175232 6 175935 7 176638 7 177341 7 178045 6 178748 7 179452 5 180155 5 180858 6 181561 6 182265 6 182968 5 183671 6 184375 5 185078 6 185781 6 186485 5 187188 6 187891 6 188594 7 189297 7 190001 6 190704 6 191407 7 192110 7 192814 7 193516 7 194220 6 194923 7 195626 7 196329 7 197032 7 197736 7 198439 7 199142 8 199845 8 200548 8 201252 7 201955 8 202658 9 203361 9 204064 9 204767 10 205470 10 206173 11 206876 11 207578 13 208280 15 208983 15 209686 16 210388 18 211091 19 211794 20 212497 23 213199 31 213901 43 214605 46 215308 48 216011 49 216714 51 217417 52 218120 51 218823 25 219528 16 220232 14 220935 13 221638 13 222341 12 223044 12 223748 12 224452 11 225157 9 225861 7
d48ec7815252,70013 1 70715 6 71418 9 72122 11 72825 13 73528 15 74232 16 74935 18 75639 19 76342 20 77046 21 77749 23 78453 24 79156 26 79860 27 80564 28 81267 31 81970 34 82673 38 83377 42 84079 46 84783 47 85485 49 86188 49 86891 49 87593 49 88296 47 88998 46 89700 45 90402 44 91104 44 91805 45 92507 45 93210 45 93913 44 94617 43 95320 43 96023 42 96727 41 97431 38 98134 35 98838 30 99542 26 100246 23 100950 21 101654 20 102359 17 103063 16 103768 13 104473 10 105178 7
d48ec7815252,2115 6 2819 9 3523 12 4227 16 4931 20 5635 26 6339 32 7048 32 7759 29 8469 26 9177 25 9885 24 10594 22 11302 21 12009 20 12717 19 13423 20 14130 20 14837 21 15544 24 16251 27 16958 27 17665 26 18372 25 19079 25 19786 23 20493 23 21200 22 21907 22 22613 24 23320 25 24027 25 24735 23 25443 21 26152 18 26860 16 27568 13 28275 11 28982 8
d48ec7815252,211482 3 212184 5 212886 8 213590 8 214293 9 214997 9 215701 10 216405 10 217108 11 217812 11 218515 12 219218 13 219921 14 220624 15 221328 15 222032 15 222735 15 223438 16 224141 16 224844 16 225548 16 226251 16 226955 14 227658 14 228361 13 229064 13 229767 14 230470 14 231172 14 231874 15 232577 14 233279 15 233981 15 234683 16 235384 17 236086 17 236788 18 237489 19 238191 20 238892 22 239594 22 240293 26 240993 29 241673 52 242343 85 243046 85 243750 84 244454 83 245160 80 245865 79 246571 75 247279 70 247988 64 248698 57 249408 50 250117 44 250827 36 251534 33 252242 27 252948 23 253654 21 254360 18 255065 16 255771 13 256477 9
d48ec7815252,98169 7 98870 11 99572 14 100274 17 100977 19 101679 22 102382 25 103084 27 103786 30 104488 33 105191 34 105893 37 106594 41 107296 44 107998 48 108700 50 109403 51 110106 48 110809 43 111512 39 112216 34 112919 32 113623 29 114326 27 115030 25 115733 23 116437 21 117140 20 117844 18 118547 17 119251 16 119954 15 120658 14 121362 13 122066 12 122770 10 123475 8 124181 4
d48ec7815252,316787 1 317490 3 318194 4 318897 6 319600 8 320304 9 321007 12 321710 17 322414 18 323117 20 323820 21 324524 21 325227 22 325931 22 326636 21 327341 20 328046 19 328751 18 329455 18 330160 17 330864 17 331568 17 332272 17 332976 16 333680 15 334385 12 335091 7
d48ec7815252,198044 4 198746 8 199449 10 200152 13 200854 17 201555 21 202256 25 202955 31 203656 35 204358 38 205061 40 205765 40 206470 40 207174 40 207878 41 208582 41 209286 40 209990 40 210694 36 211397 27 212100 25 212803 23 213505 23 214208 22 214912 20 215615 19 216319 18 217023 17 217728 14 218433 12 219140 7
d48ec7815252,80120 2 80823 4 81526 6 82229 8 82932 10 83635 12 84338 14 85041 16 85744 18 86447 20 87151 22 87855 24 88560 25 89266 25 89977 22 90683 24 91389 26 92094 28 92799 29 93504 28 94209 28 94914 26 95619 25 96324 23 97028 22 97733 20 98437 18 99142 16 99846 15 100550 14 101254 12 101959 10 102663 8 103368 4
d48ec7815252,241838 5 242542 7 243246 8 243950 9 244654 11 245358 11 246063 11 246768 11 247472 12 248177 12 248882 13 249586 13 250291 12 250996 11 251700 12 252404 13 253108 13 253813 13 254517 13 255221 14 255925 14 256629 14 257333 14 258037 14 258741 15 259446 14 260150 14 260854 15 261559 14 262263 14 262968 1 262970 11 263677 8 264383 5 265089 2
d48ec7815252,313877 4 314581 5 315285 5 315989 5 316694 5 317398 5 318102 5 318806 6 319510 6 320215 5 320919 5 321623 6 322328 5 323032 5 323736 5 324440 6 325144 6 325848 7 326553 6 327257 7 327962 8 328666 12 329371 15 330076 16 330781 16 331486 18 332192 17 332898 16 333605 14 334310 14 335015 14 335720 14 336424 15 337128 15 337833 14 338537 15 339241 16 339945 16 340649 17 341354 17 342059 17 342764 18 343474 13 344181 11 344888 10 345593 11 346299 10 347004 11 347710 11 348415 12 349121 13 349827 12 350533 11 351239 9 351945 7
d48ec7815252,48566 7 49268 12 49970 15 50673 16 51375 18 52078 19 52781 20 53484 21 54185 1 54187 22 54888 25 55591 26 56294 27 56997 28 57700 29 58403 30 59107 30 59812 29 60516 29 61221 28 61925 28 62629 28 63334 27 64038 27 64743 26 65447 26 66152 25 66856 25 67561 2 67564 21 68268 21 68972 21 69675 22 70380 21 71085 20 71789 20 72493 20 73198 19 73903 18 74608 17 75313 16 76017 16 76722 15 77427 14 78131 14 78836 13 79541 12 80246 11 80952 9 81657 8 82363 5
d48ec7815252,222908 6 223608 12 224305 20 224997 33 225700 35 226404 35 227108 36 227812 37 228515 38 229219 39 229923 39 230626 41 231329 42 232032 43 232735 44 233438 45 234142 45 234846 45 235549 45 236253 45 236956 45 237660 45 238364 44 239067 44 239771 43 240475 43 241178 43 241882 42 242586 42 243290 41 243993 41 244697 41 245401 40 246104 41 246808 40 247512 39 248216 38 248920 37 249625 35 250329 33 251034 31 251739 29 252444 27 253150 24 253856 21 254562 18 255268 14 255976 9 256685 1
d48ec7815252,63470 3 64173 6 64875 9 65579 10 66282 11 66985 13 67689 13 68392 13 69096 13 69799 14 70503 13 71206 13 71909 14 72613 13 73316 14 74019 14 74722 15 75425 16 76129 16 76832 16 77535 17 78239 17 78942 18 79645 18 80349 18 81052 19 81756 19 82459 20 83162 21 83866 20 84569 21 85273 21 85976 22 86680 21 87383 22 88086 23 88790 23 89493 24 90197 24 90900 25 91604 25 92307 27 93011 27 93714 28 94417 30 95121 30 95824 31 96528 32 97231 34 97935 35 98638 37 99341 38 100045 39 100748 40 101451 41 102155 41 102857 42 103560 41 104263 41 104966 40 105668 40 106371 41 107074 41 107778 40 108482 39 109186 38 109898 30 110604 27 111309 25 112014 24 112718 23 113423 22 114127 21 114831 21 115536 19 116240 19 116945 17 117649 17 118355 14 119059 14 119765 11 120470 10 121176 7
d48ec7815252,25440 3 26145 7 26850 10 27556 12 28262 13 28968 14 29674 17 30380 17 31086 17 31792 17 32498 17 33204 19 33910 19 34615 20 35321 19 36026 20 36731 20 37437 19 38142 19 38848 17 39554 16 40260 15 40965 15 41671 14 42376 14 43082 13 43788 13 44493 13 45199 12 45904 12 46610 11 47315 11 48021 10 48726 10 49432 8 50137 9 50842 9 51548 8 52253 8 52959 7 53664 7 54369 7 55074 7 55779 8 56485 7 57189 8 57894 8 58600 7 59305 7 60010 6 60716 4
d48ec7815252,231984 18 232685 27 233389 31 234094 32 234798 35 235503 36 236207 38 236911 39 237616 39 238321 39 239025 39 239730 39 240435 38 241140 37 241845 36 242550 35 243255 34 243960 33 244665 32 245369 32 246074 30 246779 29 247484 28 248189 27 248895 25 249599 24 250303 23 251007 22 251712 20 252417 18 253121 16 253826 9 254531 7 255235 6 255940 4
d48ec7815252,145594 5 146294 11 146388 2 146996 15 147088 6 147699 21 147787 12 148403 24 148486 17 149108 46 149176 31 149812 96 150516 95 151221 93 151925 91 152630 88 153335 84 154040 79 154745 72 155450 51 156155 33 156861 20 157568 10
d48ec7815252,64023 3 64726 3 65429 4 66132 5 66835 6 67537 8 68240 9 68943 9 69646 10 70348 13 71049 16 71749 20 72450 23 73152 25 73855 26 74558 27 75261 28 75964 30 76667 30 77369 32 78072 32 78773 23 79475 23 80178 22 80882 20 81585 18 82288 15 82992 12 83695 11 84398 10 85100 9 85803 9 86506 8 87208 8 87911 8 88613 9 89315 9 90018 9 90720 9 91422 10 92125 9 92828 8 93532 7 94237 4 94940 3 95644 2 96347 2
d48ec7815252,48036 9 48738 13 49441 15 50146 15 50851 15 51556 15 52261 14 52967 13 53672 13 54377 13 55083 12 55788 12 56493 12 57198 12 57903 12 58608 13 59313 16 60017 19 60722 21 61427 28 62131 27 62836 25 63540 25 64245 23 64949 23 65654 22 66358 23 67063 22 67768 22 68473 21 69177 22 69882 22 70587 11 70604 4 71291 8 71996 5 72700 4
d48ec7815252,155501 18 156188 35 156881 46 157578 52 158268 66 158969 67 159672 65 160375 61 161079 57 161782 54 162486 51 163190 48 163894 44 164598 39 165302 35 166006 31 166710 27 167414 23 168118 18 168823 14 169528 10 170235 4
d48ec7815252,84010 5 84713 7 85417 8 86120 9 86823 11 87526 14 88228 17 88930 20 89634 22 90337 24 91041 25 91745 27 92449 29 93153 31 93857 33 94562 34 95266 36 95970 38 96674 38 97379 38 98083 38 98788 36 99493 35 100198 34 100903 32 101608 30 102313 28 103018 26 103723 24 104427 23 105131 22 105836 21 106540 20 107244 19 107949 17 108653 17 109357 16 110062 14 110766 13 111471 11 112175 9 112879 8 113584 6 114288 4
d48ec7815252,224866 10 225568 13 226270 14 226972 16 227675 16 228378 16 229080 18 229781 21 230484 23 231186 25 231889 26 232591 29 233294 31 233996 34 234699 36 235401 38 236103 40 236806 40 237508 42 238211 41 238914 39 239616 36 240319 32 241022 30 241725 28 242428 26 243131 25 243834 24 244537 22 245240 20 245944 15 246646 10 247349 4 248052 4 248755 3 249458 2
d48ec7815252,85118 4 85821 6 86523 9 87225 13 87927 17 88628 22 89329 27 90030 31 90731 35 91433 38 92134 41 92836 43 93539 44 94241 44 94943 28 95646 24 96349 22 97050 22 97753 21 98455 19 99158 17 99861 15 100564 13 101266 12 101969 11 102671 11 103372 13 104072 15 104775 16 105479 13 106183 7
d48ec7815252,197533 2 198235 5 198939 5 199642 6 200345 8 201049 8 201752 9 202456 9 203160 9 203863 10 204567 10 205270 11 205974 11 206678 12 207382 12 208085 13 208789 13 209492 14 210196 15 210900 15 211604 15 212308 15 213011 17 213715 17 214418 18 215122 18 215826 19 216530 19 217233 21 217937 21 218641 21 219345 22 220048 23 220752 23 221455 24 222158 25 222861 25 223564 25 224266 26 224968 26 225671 25 226372 27 227072 29 227773 32 228475 32 229180 31 229885 29 230594 23 231301 20 232008 16 232714 14 233420 11 234126 8 234833 3
d48ec7815252,218561 4 219263 9 219965 13 220668 16 221372 19 222075 22 222779 23 223483 25 224187 27 224892 28 225597 28 226303 26 227011 24 227717 23 228424 21 229131 20 229838 18 230545 17 231252 16 231958 15 232665 14 233371 13 234077 13 234783 13 235489 12 236195 12 236900 11 237606 10 238311 10 239017 8 239724 5
d48ec7815252,359557 3 360257 9 360960 13 361662 21 361735 23 362365 28 362436 32 363069 34 363139 37 363773 43 363840 44 364478 52 364542 48 365188 108 365915 85
d48ec7815252,190 18 893 18 1596 16 2299 15 3001 15 3704 13 4407 12 5111 11 5814 12 6518 11 7221 11 7925 11 8629 11 9333 11 10036 12 10740 12 11444 11 12147 11 12851 10 13555 9 14259 8 14963 8 15667 7 16371 5
d48ec7815252,48530 4 49232 7 49935 10 50638 11 51342 11 52045 13 52749 13 53452 14 54156 13 54859 14 55563 14 56267 14 56971 14 57675 13 58379 13 59083 13 59787 13 60492 11 61196 11 61900 9 62604 7 63308 6 64011 7 64715 6 65418 7 66121 7 66824 7 67528 6 68231 6 68935 5 69640 2
d8bfd1dafdc4,47035 7 47737 11 48439 14 49142 16 49846 17 50550 18 51254 18 51959 17 52663 17 53367 17 54071 17 54776 16 55480 16 56184 16 56888 16 57592 16 58296 16 59000 16 59703 17 60407 17 61110 18 61813 19 62517 20 63220 21 63923 22 64626 24 65329 26 66032 28 66735 31 67438 42 68141 51 68193 3 68844 57 69547 58 70249 61 70951 64 71653 66 72352 71 73052 75 73755 76 74458 77 75161 78 75865 77 76569 77 77273 76 77977 75 78681 75 79386 73 80090 72 80795 70 81499 69 82203 68 82908 67 83612 66 84317 64 85022 62 85726 61 86431 59 87135 59 87840 57 88545 55 89249 54 89954 52 90658 51 91364 48 92069 46 92774 45 93479 43 94184 41 94890 39 95595 38 96300 36 97004 36 97709 34 98414 33 99119 31 99824 30 100529 29 101234 27 101939 26 102644 24 103349 23 104054 21 104759 20 105464 18 106168 17 106873 16 107578 14 108283 13 108988 11 109692 10 110397 8 111102 6 111808 2
d8bfd1dafdc4,171 15 204 26 873 66 1577 67 2281 69 2985 71 3690 71 4395 71 5099 72 5804 71 6508 71 7212 71 7916 25 8621 20 9325 18 10029 17 10734 15 11438 14 12142 13 12846 12 13550 12 14254 11 14958 11 15662 10 16366 10 17070 9 17774 9 18478 9 19182 9 19886 9 20589 9 21293 9 21997 8 22700 9 23404 8 24108 8 24812 8 25516 8 26220 7 26923 8 27627 7 28331 7 29035 7 29738 8 30442 7 31145 8 31849 8 32553 8 33257 8 33961 7 34665 7 35369 7 36073 6 36777 6 37481 6 38184 7 38888 7 39592 7 40296 7 41000 7 41704 7 42408 6 43112 6 43816 6 44520 6 45224 6 45927 7 46631 7 47335 7 48039 7 48743 7 49447 6 50151 6 50855 6 51559 6 52263 5 52967 5 53671 5 54375 5 55079 5 55783 5 56487 5 57191 4 57895 4
d8bfd1dafdc4,196802 1 197495 16 198196 20 198898 22 199599 24 200301 26 201003 27 201705 28 202408 28 203109 30 203811 31 204514 31 205215 33 205917 34 206619 36 207322 36 208024 37 208726 38 209429 38 210131 40 210833 41 211536 42 212238 43 212941 43 213643 45 214345 46 215048 46 215750 47 216453 47 217155 47 217858 47 218560 46 219263 43 219965 41 220668 41 221371 40 222073 39 222775 39 223478 39 224181 38 224883 39 225586 38 226289 38 226991 39 227694 39 228396 39 229099 39 229801 40 230504 40 231207 40 231909 41 232612 41 233315 41 234018 40 234721 41 235423 42 236126 42 236828 44 237531 44 238234 44 238936 45 239639 45 240341 47 241044 47 241746 49 242449 49 243152 49 243855 49 244558 50 245261 51 245964 51 246667 52 247371 51 248074 51 248778 50 249482 49 250185 50 250889 49 251593 48 252297 47 253001 46 253705 45 254409 44 255113 43 255817 42 256521 41 257225 40 257929 39 258633 38 259337 37 260042 36 260746 35 261450 34 262154 33 262858 32 263563 30 264267 29 264971 28 265676 25 266380 24 267085 22 267790 20 268495 17 269200 13 269906 8
d8bfd1dafdc4,162541 1 163243 7 163946 8 164649 9 165353 9 166056 11 166760 10 167463 10 168166 10 168869 11 169572 11 170275 10 170979 9 171682 9 172385 9 173088 9 173791 9 174495 8 175198 9 175901 9 176604 8 177307 8 178011 8 178714 8 179417 8 180120 8 180823 8 181526 9 182229 9 182932 8 183635 8 184339 8 185042 8 185744 8 186447 8 187151 8 187854 8 188557 8 189260 8 189963 8 190667 8 191370 8 192073 7 192776 8 193479 8 194183 7 194886 7 195589 7 196293 6 196996 7 197699 7 198402 8 199106 7 199809 7 200511 8 201215 7 201918 8 202621 8 203324 8 204027 8 204730 8 205434 8 206137 8 206839 8 207542 9 208246 8 208949 8 209651 9 210354 9 211058 8 211761 9 212463 9 213166 9 213869 9 214572 9 215275 9 215977 10 216680 10 217383 10 218086 10 218788 10 219491 9 220194 9 220897 9 221600 9 222303 8 223006 8 223709 9 224412 8 225115 8 225818 8 226521 8 227224 8 227927 8 228630 8 229333 8 230036 8 230739 7 231442 7 232145 7 232848 7 233551 7 234253 8 234957 7 235660 8 236362 8 237065 8 237768 8 238471 8 239175 7 239879 6 240582 6 241286 4
d8bfd1dafdc4,226413 5 227116 7 227820 7 228523 9 229227 10 229930 12 230634 12 231337 14 232040 16 232744 16 233447 19 234150 21 234853 22 235556 24 236258 26 236961 27 237664 28 238366 28 239068 29 239771 29 240474 29 241175 30 241878 30 242582 29 243284 28 243987 26 244690 26 245393 25 246095 24 246798 22 247501 22 248204 20 248907 17 249610 17 250314 15 251017 14 251720 13 252424 12 253127 12 253831 10 254534 10 255238 10 255942 9 256646 8 257349 8 258053 8 258757 7 259461 7 260165 6 260869 6 261573 6 262277 6 262981 6 263685 5 264389 5 265093 5 265796 5 266500 5 267204 5 267908 5 268612 5 269316 5 270019 6 270723 5 271427 5 272131 5 272835 4 273538 5 274242 5 274946 5 275650 5 276354 5 277058 5 277762 5 278466 4 279170 4 279873 5 280577 5 281281 5 281985 4 282689 4 283393 4 284096 5 284800 5 285504 5 286208 5 286912 5 287616 5 288320 5 289024 5 289728 5 290432 5 291135 6 291839 6 292543 5 293247 5 293952 4 294656 3
d8bfd1dafdc4,68986 1 69689 3 70392 4 71095 5 71798 6 72501 7 73205 6 73909 5 74612 6 75316 5 76020 5 76723 5 77427 5 78130 5 78834 5 79538 5 80242 5 80945 5 81649 5 82352 5 83056 5 83760 5 84464 4 85168 4 85871 4 86575 4 87278 5 87982 5 88686 4 89390 4 90093 5 90797 5 91501 4 92204 5 92908 4 93612 4 94315 5 95019 5 95723 5 96427 5 97131 4 97834 5 98538 5 99241 5 99945 5 100649 5 101353 5 102057 5 102760 6 103464 6 104167 6 104871 6 105575 6 106279 6 106982 7 107686 7 108390 7 109094 7 109797 8 110501 8 111204 10 111908 10 112612 11 113315 13 114019 18 114722 29 115425 31 116129 31 116832 32 117535 33 118238 26 118941 25 119645 21 120347 19 121050 15 121753 15 122457 13 123159 13 123862 11 124565 11 125268 11 125971 11 126672 11 127375 11 128079 10 128782 10 129484 9 130187 9 130890 9 131594 8 132298 6 133001 6 133705 6 134409 5 135112 5 135816 5 136520 4 137224 4 137927 5 138631 5 139335 4 140039 4 140742 5 141446 4 142150 4 142853 5 143557 5 144261 4 144964 5 145668 5 146372 4 147076 3
d8bfd1dafdc4,326284 2 326988 4 327692 5 328396 6 329100 6 329805 6 330509 6 331214 5 331918 6 332623 5 333327 6 334032 5 334736 5 335440 5 336144 6 336849 5 337553 15 338257 16 338961 16 339665 12 340369 8 341073 7 341776 6 342480 5 343184 5 343887 6 344590 6 345294 5 345998 5 346701 5 347404 6 348108 5 348812 5 349515 6 350218 6 350922 6 351625 6 352329 6 353033 5 353736 6 354439 7 355143 6 355847 6 356550 6 357254 6 357957 7 358661 7 358704 5 359364 7 359388 25 360067 9 360086 32 360770 10 360783 40 361474 54 362177 55 362880 57 363583 59 364286 31 364326 20 364990 16 365046 4 365694 12
d8bfd1dafdc4,355 2 1054 13 1758 16 2463 17 3168 19 3873 20 4577 23 5282 25 5986 29 6692 30 7397 33 8102 35 8806 38 9510 41 10215 42 10920 43 11625 44 12330 44 13034 45 13739 46 14443 47 15147 48 15851 49 16556 49 17260 51 17964 51 18669 52 19374 52 20079 53 20784 53 21490 53 22195 53 22901 52 23612 48 24319 46 25042 30 25754 24 26462 22 27169 21 27876 21 28583 20 29289 21 29995 21 30701 23 31408 22 32116 23 32823 23 33531 25 34239 27 34948 25 35656 23 36365 19 37072 15 37782 7
d8bfd1dafdc4,35574 2 36278 3 36982 6 37686 8 38391 7 39097 5 39802 5 40506 5 41211 4 41916 5 42621 5 43326 5 44031 4 44735 4 45439 5 46143 5 46848 4 47552 5 48257 6 48963 5 49668 4 50372 4 51076 5 51780 5 52484 6 52579 6 53188 7 53892 9 54596 9 55300 10 56004 11 56708 13 56753 3 57412 15 57446 24 58116 18 58142 27 58820 50 59524 48 60228 46 60932 43 61636 36 62340 33 63044 29 63748 22 64452 20 65156 19 65860 16 66564 15 67268 14 67972 13 68676 11 69379 11 70083 11 70787 11 71491 11 72194 11 72897 12 73600 13 74304 12 75008 12 75711 12 76415 11 77119 11 77823 11 78527 11 79231 11 79935 10 80639 10 81343 10 82047 10 82751 10 83455 10 84159 10 84863 10 85567 10 86271 10 86975 10 87679 10 88383 10 89087 10 89791 10 90495 10 91200 9 91905 8 92611 5 93317 2
d8bfd1dafdc4,120 7 822 10 1526 11 2230 11 2934 12 3638 12 4342 13 5047 12 5751 13 6455 13 7159 14 7863 14 8567 15 9271 16 9975 16 10680 16 11384 17 12088 17 12792 18 13496 18 14200 19 14904 20 15608 20 16313 19 17017 20 17721 20 18425 20 19129 21 19833 21 20537 21 21242 20 21946 21 22650 21 23354 21 24058 21 24762 22 25467 21 26171 21 26875 21 27580 21 28284 21 28988 21 29692 21 30397 21 31101 21 31805 22 32510 21 33214 22 33918 22 34623 21 35327 21 36031 21 36736 20 37440 20 38145 19 38849 19 39553 19 40258 17 40962 17 41666 17 42371 16 43075 15 43779 15 44484 13 45188 13 45892 13 46596 12 47301 11 48005 11 48710 9 49414 9 50119 8 50823 7 51528 6 52232 5 52937 4 53642 2
d8bfd1dafdc4,337439 3 338143 4 338847 4 339551 4 340255 4 340959 4 341662 5 342366 5 343070 5 343774 5 344476 7 345174 13 345877 14 346581 16 347285 19 347989 21 348692 23 349396 24 350100 24 350803 26 351507 26 352211 26 352914 27 353618 28 354322 28 355025 30 355729 31 356432 32 357136 33 357839 35 358543 36 359247 36 359951 27 359979 9 360656 23 360680 1 360684 8 361361 3 361365 1 361370 9 361390 7 362095 7 362799 7 363505 6 364209 6 364915 4
d8bfd1dafdc4,19727 3 20431 4 21134 6 21838 8 22542 9 23246 9 23950 11 24654 11 25358 12 26063 11 26767 12 27471 13 28176 12 28881 12 29585 13 30290 13 30995 12 31700 12 32404 13 33109 13 33813 15 34518 14 35223 15 35927 16 36632 16 37337 17 38041 18 38746 20 39450 22 40155 23 40860 29 41564 41 42268 49 42973 51 43677 52 44382 52 45086 51 45790 49 46495 43 47199 38 47904 35 48609 33 49313 32 50018 31 50723 30 51428 28 52133 28 52838 27 53543 26 54248 26 54953 25 55657 26 56362 25 57066 25 57771 24 58475 23 59180 21 59884 17 60589 12 61295 6
d8bfd1dafdc4,152938 10 153639 13 154341 15 155043 16 155746 17 156449 17 157152 17 157855 17 158558 17 159261 17 159965 16 160668 16 161372 15 162076 15 162779 15 163480 17 164184 16 164888 15 165592 15 166296 14 166999 14 167703 13 168406 14 169109 15 169813 15 170516 16 171219 18 171922 19 172626 10 172640 6 173329 10 173345 6 174032 10 174050 6 174736 10 174755 5 175439 10 175460 5 176142 10 176165 5 176846 9 176870 5 177549 9 177574 5 178252 10 178279 5 178956 9 178984 5 179659 9 179689 4 180363 8 180393 5 181066 9 181098 4 181770 8 181802 5 182473 8 182507 5 183176 9 183211 6 183880 8 183916 6 184583 8 184621 5 185286 9 185325 5 185990 8 186030 5 186693 8 186735 5 187397 8 187439 5 188100 8 188144 4 188804 8 188849 3 189507 8 189553 3 190211 7 190259 1 190915 7 191619 7 192323 6 193027 6 193732 4 194437 3
d8bfd1dafdc4,321418 1 322119 6 322826 2 325651 4 326354 6 327060 3 329886 3 330590 4 332838 1 333540 3 334241 7 334940 12 335643 13 336346 15 337048 17 337750 19 338450 24 339150 28 339850 32 340550 36 341250 41 341949 46 342651 48 343353 50 344055 53 344756 56 345454 63 346153 68 346835 2 346853 73 347554 77 348254 82 348955 87 349658 89 350361 90 351065 91 351769 91 352473 91 353177 91 353881 91 354586 90 355290 90 355994 91 356698 91 357402 92 358106 92 358810 14 358826 78 359514 13 359532 79 360218 13 360240 76 360922 12 360982 14 361007 13 361627 10 361717 7 362331 9 362422 6 363035 8 363127 6 363741 4 363833 3
d8bfd1dafdc4,123557 7 124239 7 124259 12 124939 40 125641 45 126345 48 127048 52 127752 53 128456 55 129160 56 129865 56 130569 57 131274 57 131979 57 132683 58 133388 58 134094 57 134799 57 135504 56 136210 55 136915 55 137621 54 138326 54 139032 52 139737 52 140443 51 141148 51 141854 49 142559 49 143264 49 143969 48 144674 48 145379 48 146084 48 146788 49 147493 49 148198 49 148902 50 149607 50 150312 50 151016 52 151720 52 152425 53 153129 54 153833 55 154538 55 155243 23 155269 29 155948 15 155976 27 156656 4 156682 25 157388 25 158093 25 158798 25 159503 25 160209 24 160914 24 161620 23 162325 23 163030 23 163736 21 164442 19 165148 17 165854 14
d8bfd1dafdc4,172000 2 172704 3 173407 4 174111 4 174814 6 175518 7 176222 7 176926 7 177630 7 178334 7 179038 7 179742 7 180446 7 181150 7 181854 7 182558 7 183262 8 183966 8 184669 9 185373 9 186077 10 186781 10 187485 11 188188 12 188892 12 189596 12 190300 13 191004 13 191707 15 192411 15 193115 15 193819 16 194522 17 195226 18 195930 18 196634 19 197337 20 198041 21 198744 22 199447 24 200148 27 200854 26 201559 25 202263 26 202967 27 203671 27 204374 29 205078 30 205781 31 206485 32 207188 34 207891 36 208595 36 209298 38 210002 38 210705 39 211408 39 212112 35 212815 34 213519 31 214223 18 214926 15 215630 11 216334 9 217038 6 217743 3
d8bfd1dafdc4,46066 3 46768 6 47471 9 48174 10 48878 11 49582 12 50286 13 50990 13 51695 13 52399 14 53103 15 53808 14 54512 14 55216 14 55920 14 56624 14 57328 13 58032 13 58736 12 59439 12 60143 11 60847 10 61551 9 62254 9 62958 9 63662 8 64365 8 65069 8 65772 8 66476 7 67179 8 67883 7 68586 8 69290 7 69993 8 70697 7 71400 7 72103 8 72807 8 73510 8 74214 7 74917 8 75620 8 76323 9 77027 9 77730 9 78433 10 79136 10 79840 10 80543 10 81246 11 81950 11 82653 11 83357 11 84060 11 84764 11 85468 11 86172 10 86876 10 87580 10 88283 10 88987 10 89691 10 90395 9 91099 9 91803 8 92507 8 93210 9 93914 8 94618 8 95322 7 96026 7 96729 8 97433 8 98137 7 98841 7 99545 7 100248 7 100952 7 101656 7 102360 6 103063 7 103767 7 104470 8 105174 8 105878 7 106582 7 107285 8 107989 7 108693 7 109397 6
d8bfd1dafdc4,321181 1 321884 4 322588 6 323292 7 323997 8 324701 9 325407 8 326112 8 326817 8 327523 8 328227 9 328932 9 329637 9 330342 10 331046 10 331751 10 332456 10 333160 11 333865 11 334570 11 335275 11 335981 10 336687 17 337392 18 338097 18 338801 19 339506 18 340211 18 340915 18 341620 17 342324 17 343028 17 343733 15 344437 15 345141 15 345845 15 346549 14 347254 13 347958 13 348662 12 349366 12 350070 12 350774 11 351478 11 352182 11 352886 10 353590 10 354295 9 354999 8 355703 8 356407 8 357111 7 357815 7 358519 7 359223 7 359927 7 360632 5 361336 5 362040 5 362744 4 363448 4 364152 4 364856 3
d8bfd1dafdc4,115196 5 115900 8 116606 8 117312 7 118017 8 118722 9 119428 8 120134 8 120839 9 121544 10 122251 8 122956 10 123662 9 124369 8 125074 10 125779 10 126486 10 127191 11 127897 10 128604 10 129309 12 130017 12 130722 13 131429 14 132136 18 132842 22 133549 27 134258 31 134967 32 135678 32 136390 31 137100 31 137812 31 138523 32 139233 33 139944 35 140654 34 141364 31 142076 25 142787 18 143501 6
d8bfd1dafdc4,199303 4 200006 6 200709 8 201412 10 202115 12 202819 13 203522 15 204226 16 204930 17 205634 18 206338 20 207043 20 207749 20 208456 19 209163 18 209870 17 210576 18 211283 20 211988 25 212694 28 213399 30 214105 30 214811 29 215517 29 216223 28 216930 26 217636 26 218342 25 219049 24 219756 23 220463 21 221171 20 221878 19 222585 19 223293 17 224001 16 224708 15 225416 13 226123 12 226829 12 227536 11 228242 10 228949 8 229654 7 230361 4
d8bfd1dafdc4,123199 1 123900 4 124603 5 125305 7 126008 7 126709 9 127412 9 128114 9 128816 10 129519 9 130222 8 130924 9 131627 8 132329 8 133032 7 133734 8 134437 7 135140 7 135842 7 136545 7 137246 8 137949 8 138651 9 139353 9 140056 9 140758 9 141461 9 142164 8 142867 8 143569 8 144272 8 144974 9 145676 10 146379 10 147081 11 147782 13 148485 12 149187 14 149889 15 150592 15 151295 15 151998 15 152700 16 153403 16 154106 17 154809 17 155513 17 156216 17 156920 17 157623 17 158327 17 159031 16 159735 15 160440 12 161144 10 161849 7
d8bfd1dafdc4,2817 2 3521 3 4225 3 4929 4 5633 4 6337 4 7041 4 7745 4 8449 4 9153 4 9857 4 10561 4 11265 4 11969 4 12673 4 13377 4 14081 4 14785 4 15489 5 16193 5 16897 5 17601 6 18305 6 19009 6 19713 6 20417 7 21121 7 21825 7 22529 8 23233 8 23937 8 24641 9 25345 9 26049 9 26753 10 27457 10 28161 10 28866 10 29570 10 30275 10 30979 10 31683 11 32388 10 33092 11 33798 10 34502 10 35208 9 35913 8 36618 8 37323 7 38027 8 38732 7 39437 5 40143 3
d8bfd1dafdc4,165365 3 166069 4 166772 6 167476 6 168180 7 168884 8 169588 8 170293 8 170997 8 171701 9 172406 8 173110 9 173815 9 174520 8 175224 8 175929 8 176633 8 177338 7 178043 7 178747 7 179452 6 180156 7 180860 7 181565 7 182269 8 182973 8 183677 8 184381 9 185086 10 185790 11 186494 12 187198 12 187902 13 188606 16 189310 18 190014 19 190718 20 191422 21 192126 23 192830 26 193534 27 194238 28 194943 6 194951 1 194953 16 195647 5 196351 5 197055 5 197759 5 198463 5 199167 5 199871 5 200576 4 201280 4 201984 4 202688 4 203392 4 204096 4 204800 4 205504 4 206208 4 206912 4 207616 4 208320 4 209024 5 209729 4 210433 4 211137 4 211841 4 212545 4 213249 4 213953 4 214657 4 215361 4 216065 4 216770 3 217474 3 218178 3 218882 4 219586 4 220290 4 220994 4 221698 4 222402 4 223106 4 223810 4 224514 4 225218 4 225922 4 226626 4 227330 5 228034 5 228738 5 229443 4 230147 4 230851 4 231555 4 232259 4 232963 4 233667 4 234371 4 235075 4 235779 5 236483 5 237187 5 237891 5 238595 5 239300 4 240004 4 240708 4 241412 4 242116 4 242820 4 243524 4 244228 4 244932 4 245636 4 246341 4 247045 4 247749 4 248453 4 249157 4 249861 4 250565 4 251269 4 251973 4 252677 4 253381 4 254085 4 254789 5 255493 5 256197 5 256901 5 257605 5 258309 5 259013 5 259718 4 260422 4 261126 4 261830 4 262534 3 263239 2
d8bfd1dafdc4,216923 3 217625 8 218328 10 218993 3 219032 12 219693 8 219735 13 220395 11 220438 14 221098 12 221141 14 221801 14 221844 13 222505 15 222547 12 223209 15 223249 12 223913 15 223952 11 224617 16 224655 11 225321 17 225357 11 226025 20 226058 13 226729 45 227433 44 228137 44 228841 44 229545 44 230250 45 230954 45 231658 45 232362 45 233067 42 233771 41 234475 39 235179 38 235884 36 236588 35 237292 34 237996 33 238700 31 239404 27 240108 24 240812 22 241516 21 242220 20 242925 18 243629 17 244333 16 245037 16 245742 14 246446 14 247151 12 247855 12 248560 10 249265 8 249971 5 250677 1
d8bfd1dafdc4,227785 6 228488 8 229191 10 229894 11 230598 11 231301 12 232005 12 232708 13 233412 13 234116 13 234819 14 235523 13 236227 13 236930 13 237634 13 238338 12 239041 13 239744 14 240448 13 241152 12 241855 13 242559 12 243262 13 243965 13 244669 12 245372 13 246075 13 246778 14 247482 13 248185 14 248888 15 249591 15 250294 16 250997 17 251700 17 252404 17 253107 18 253810 19 254512 20 255215 21 255919 21 256622 21 257325 22 258028 22 258732 22 259435 22 260139 21 260842 22 261545 22 262249 22 262953 21 263656 21 264360 21 265064 20 265767 21 266471 20 267175 19 267878 20 268582 19 269286 18 269989 19 270693 18 271397 17 272100 17 272804 16 273507 16 274211 15 274915 14 275618 14 276322 13 277025 13 277729 12 278432 12 279136 11 279839 11 280543 10 281246 10 281950 9 282653 9 283357 8 284061 7 284764 7 285468 7 286171 7 286875 7 287578 7 288282 6 288985 6 289689 6 290392 6 291095 6 291799 6 292502 7 293206 6 293909 6 294613 5 295316 6 296020 5 296724 5 297427 5 298130 5 298834 5 299537 6 300241 5 300945 4 301648 4 302351 5 303055 4 303759 3 304463 2 305166 2 305870 2 308684 1 309388 1 311497 1 312201 2 312905 2 313609 1 314313 1 315719 1 316423 1
d8bfd1dafdc4,164145 11 164844 20 165545 26 166246 32 166947 41 167648 53 168350 56 169052 57 169754 59 170456 60 171159 60 171862 60 172565 60 173268 60 173971 35 174028 2 174674 23 175377 20 176080 18 176783 17 177487 14 178190 13 178893 12 179596 11 180299 11 181003 9 181707 7 182411 5 183115 4 183819 2
d8bfd1dafdc4,301594 2 302298 4 303002 4 303707 4 304412 3 305116 3 305820 4 306524 5 307228 6 307933 5 308638 5 309343 4 310047 5 310751 5 311455 6 312160 5 312864 6 313569 5 314273 6 314978 6 315682 7 316387 7 317091 10 317795 15 318499 20 319203 25 319907 26 320611 27 321314 29 322018 31 322722 33 323426 34 324129 36 324832 37 325536 12 325552 20 326239 8 326943 7 327647 6 328350 6 329053 6 329756 6 330459 6 331162 6 331865 6 332569 6 333272 5 333976 4 334679 5 335382 5 336085 5 336789 4 337491 6 338194 6 338898 5 339601 5 340303 6 341007 6 341710 6 342412 7 343115 7 343818 7 344521 7 345224 7 345927 7 346629 8 347332 8 348035 8 348736 10 349436 12 350138 13 350840 13 351540 14 352243 14
d8bfd1dafdc4,275993 1 276696 2 277399 4 278102 5 278806 5 279510 4 280213 5 280917 5 281620 6 282324 5 283028 5 283731 6 284435 6 285138 6 285842 6 286545 7 287249 7 287953 6 288656 7 289360 7 290063 8 290767 7 291470 8 292174 8 292877 9 293581 8 294284 9 294988 9 295691 10 296395 10 297098 11 297802 10 298505 11 299209 11 299912 12 300616 12 301319 13 302023 13 302727 13 303430 14 304134 13 304838 13 305542 13 306246 13 306950 13 307654 13 308358 12 309062 12 309766 11 310471 9 311176 7 311882 4
d8bfd1dafdc4,157173 3 157876 5 158580 5 159283 6 159987 6 160691 6 161395 6 162099 6 162803 6 163507 6 164211 5 164915 5 165619 5 166323 5 167027 5 167731 5 168435 5 169138 6 169842 6 170546 6 171250 6 171954 6 172658 6 173362 6 174066 7 174770 7 175474 7 176178 7 176882 7 177586 7 178290 8 178994 8 179698 8 180403 8 181107 8 181811 9 182515 9 183219 10 183923 10 184627 11 185331 12 186035 12 186740 11 187444 12 188148 12 188852 12 189556 12 190260 12 190964 12 191668 12 192372 12 193076 12 193780 11 194485 10 195189 10 195893 10 196597 10 197301 9 198006 8 198710 8 199414 8 200118 8 200822 8 201526 7 202231 6 202935 6 203639 6 204343 6 205047 6 205751 6 206456 5 207160 5 207864 5 208568 5 209272 4 209976 4 210681 3 211385 3 212089 3 212794 1
d8bfd1dafdc4,265757 1 266459 4 267152 4 267161 7 267856 5 267863 8 268560 15 269264 14 269970 11 270674 10 271378 10 272082 10 272786 11 273488 16 274192 11 274207 1 274895 8 275598 7 276301 7 277004 6 277706 7 278410 6 279112 7 279815 7 280517 8 281220 8 281923 8 282626 8 283329 8 284032 8 284735 8 285437 9 286140 9 286842 11 287545 11 288248 11 288951 11 289654 11 290356 13 291059 13 291762 14 292465 14 293167 15 293870 15 294572 15 295274 16 295976 14 296679 13 297382 11 298084 10 298786 9 299491 5
d8bfd1dafdc4,5171 5 5875 9 6579 13 7283 18 7988 20 8694 24 9400 28 10106 31 10814 32 11521 32 12227 32 12934 31 13640 31 14346 30 15052 30 15757 31 16463 30 17168 32 17873 33 18579 34 19284 36 19989 39 20694 42 21399 45 22105 47 22810 53 23515 59 24222 63 24928 64 25647 51 26360 44 27069 40 27778 37 28485 35 29193 33 29901 31 30609 28 31318 24 32029 18 32740 11 33449 6
d8bfd1dafdc4,307136 2 307838 5 308542 6 309245 8 309950 8 310655 7 311360 7 312065 6 312769 7 313474 7 314178 8 314883 7 315587 7 316292 7 316996 7 317700 7 318404 8 319109 7 319813 7 320517 7 321221 8 321925 8 322629 8 323333 8 324037 8 324741 9 325445 9 326149 9 326853 10 327557 10 328260 12 328964 12 329668 13 330371 14 331075 14 331779 14 332483 14 333187 14 333891 14 334595 14 335299 13 336003 12 336708 11 337412 10 338116 8 338820 7 339525 5 340231 1
d8bfd1dafdc4,150152 4 150855 5 151558 7 152261 8 152965 8 153669 8 154372 9 155077 9 155782 8 156486 8 157190 8 157894 8 158599 7 159303 7 160007 8 160712 7 161416 7 162120 7 162825 6 163529 6 164233 6 164937 6 165641 7 166345 7 167049 8 167753 8 168457 8 169161 9 169865 9 170569 10 171272 12 171976 13 172680 14 173383 18 174087 19 174791 23 175495 23 175525 8 176198 24 176229 12 176902 24 176933 16 177606 24 177637 26 178310 24 178341 30 179013 25 179047 28 179716 15 179763 12 180420 13 181124 11 181827 11 182531 10 183234 10 183938 10 184641 10 185345 9 186049 9 186753 8 187457 8 188161 8 188865 7 189569 7 190273 6 190977 6 191681 6 192384 6 193088 6 193792 6 194495 6 195199 6 195903 5 196607 5 197310 6 198014 5 198718 5 199422 5 200126 4 200830 4 201533 5 202237 4 202941 4 203645 4 204349 3 205053 3 205757 3 206461 1
d8bfd1dafdc4,69135 3 69839 4 70543 4 71247 5 71951 5 72655 6 73359 6 74063 6 74768 6 75472 6 76176 6 76880 7 77585 6 78289 6 78993 7 79697 7 80401 7 81106 7 81810 7 82514 7 83218 7 83922 7 84626 7 85330 8 86035 7 86739 7 87443 8 88147 8 88851 8 89555 9 90259 9 90963 10 91667 10 92371 10 93075 11 93779 11 94483 12 95187 12 95890 14 96594 15 97298 15 98001 17 98705 18 99409 18 100112 20 100816 21 101519 22 102223 23 102927 24 103630 25 104334 26 105038 27 105742 28 106447 28 107153 27 107858 27 108564 26 109269 26 109974 26 110680 25 111385 26 112090 26 112795 26 113501 26 114206 26 114911 27 115616 27 116321 28 117026 29 117732 28 118438 27 119144 26 119851 24 120558 21 121265 16 121973 9
d8bfd1dafdc4,84210 4 84910 8 85610 12 86312 14 87013 15 87714 15 88416 15 89117 14 89819 13 90521 13 91222 12 91924 13 92624 14 93323 17 94024 18 94723 20 95422 23 96122 25 96817 28 97519 27 98221 24 98922 21 99625 19 100328 15 101031 13 101733 13 102436 11 103139 11 103842 10 104545 8 105247 9 105950 9 106653 8 107356 7 108058 9 108760 10 109464 8 110167 7 110871 6 111572 8 112274 10 112978 8 113681 7 114385 6 115087 8 115789 10 116492 10 117196 8 117899 7 118602 8 119303 11 120006 11 120708 13 121408 16 122098 29 122800 29 123503 29 124206 28 124909 27 125613 26 126317 24 127021 23 127726 21 128430 19 129134 18 129838 17 130541 17 131245 17 131949 14 132653 13 133357 12 134064 8
d8bfd1dafdc4,250144 2 250847 4 251551 5 252254 6 252957 7 253661 6 254364 7 255068 6 255771 6 256474 7 257178 6 257881 6 258584 6 259287 6 259991 6 260694 6 261397 6 262100 6 262804 6 263507 6 264210 6 264913 6 265616 7 266319 7 267023 7 267725 8 268428 9 269131 10 269833 11 270535 13 271237 15 271936 21 272636 25 273338 28 274041 29 274744 31 275448 31 276152 32 276857 31 277569 23 278282 14 278987 13 279692 13 280397 12 281102 11 281807 10 282512 9 283217 9 283922 8 284627 7 285332 6 286037 5 286742 5 287447 4 288152 1
d8bfd1dafdc4,125558 3 125598 10 126256 16 126296 17 126955 27 126992 26 127652 69 128352 71 129053 67 129756 59 130460 52 131164 47 131869 40 132575 30 133280 24 133987 15
d8bfd1dafdc4,338738 3 339442 5 340146 6 340851 6 341555 7 342260 7 342964 8 343669 8 344373 9 345078 10 345782 11 346487 12 347191 14 347895 15 348599 18 349303 20 350006 23 350710 25 351414 28 352117 32 352821 34 353526 36 354230 38 354935 39 355639 41 356344 44 357048 52 357753 58 358457 61 359161 62 359865 62 360571 61 361285 51 361992 48 362699 45 363406 36 364115 24
d8bfd1dafdc4,281067 9 281767 18 282466 27 283166 34 283867 39 284567 45 285268 50 285970 53 286672 57 287375 60 288078 62 288782 63 289486 65 290191 65 290898 63 291604 61 292309 60 293014 59 293719 58 294423 58 295128 56 295833 54 296537 53 297241 52 297945 52 298649 51 299353 51 300057 50 300761 50 301468 47 302181 37 302889 33 303597 28 304303 25 305009 22 305715 18 306420 16 307126 10 307138 1 307831 7 308537 5 309244 1
d8bfd1dafdc4,298018 4 298721 7 299424 9 300128 11 300831 13 301535 14 302238 16 302942 18 303646 20 304349 22 305053 24 305757 25 306460 28 307164 29 307868 30 308572 30 309275 31 309979 32 310683 32 311387 33 312091 33 312795 33 313499 33 314203 33 314908 32 315612 32 316316 32 317020 32 317724 33 318428 33 319132 33 319836 33 320540 33 321244 33 321948 33 322652 34 323356 34 324060 34 324765 33 325469 34 326173 34 326877 35 327581 35 328285 35 328989 36 329694 35 330398 35 331103 34 331807 35 332512 34 333217 33 333922 33 334627 32 335332 31 336037 30 336742 30 337447 29 338151 29 338856 28 339561 27 340266 27 340971 26 341676 25 342381 24 343085 24 343790 23 344495 21 345199 21 345904 18 346608 16 347313 12 348018 9 348723 7 349428 4
d8bfd1dafdc4,135487 10 136188 14 136889 18 137590 22 138292 25 138994 28 139696 30 140398 33 141102 34 141805 36 142509 36 143213 37 143917 38 144621 39 145325 39 146030 39 146735 39 147440 39 148146 38 148853 36 149558 36 150263 36 150969 35 151675 35 152380 35 153086 34 153792 34 154497 34 155203 34 155909 34 156614 35 157319 35 158025 35 158730 36 159436 36 160142 36 160848 35 161554 34 162260 33 162966 32 163671 31 164376 31 165081 30 165786 30 166490 30 167195 30 167900 29 168604 29 169309 29 170014 28 170718 28 171422 28 172127 28 172831 28 173536 27 174240 28 174945 27 175649 27 176353 27 177057 27 177762 26 178466 26 179171 26 179876 25 180581 24 181286 23 181991 22 182696 21 183402 19 184108 17 184813 16 185518 15 186224 13 186929 12 187634 11 188339 11 189043 11 189748 10 190452 10 191157 10 191861 10 192565 10 193270 9 193974 10 194678 10 195382 10 196087 9 196792 8
d8bfd1dafdc4,57732 10 58434 14 59138 15 59841 16 60545 17 61249 17 61953 18 62657 18 63361 19 64065 20 64769 20 65473 21 66177 22 66881 23 67585 24 68289 25 68993 26 69697 27 70401 29 71105 30 71809 31 72514 31 73218 32 73923 32 74631 30 75350 17 76061 11 76767 11 77474 10 78181 8 78887 8 79592 9 80298 9 81004 8 81711 6 82417 4
d8bfd1dafdc4,312712 5 313413 8 314114 11 314815 13 315512 17 316213 16 316911 20 317611 20 318310 22 319011 23 319713 23 320415 23 321116 23 321819 19 322521 16 323223 13 323927 9 324630 7 325332 7 326035 7 326738 5 327441 5 328143 6 328846 6 329549 6 330252 6 330955 6 331658 7 332361 6 333064 6 333766 7 334469 8 335171 9 335872 11 336573 13 337272 17 337970 23 338665 31 339366 34 340067 35 340769 36 341472 37 342175 38 342877 39 343581 37 344285 7 344311 9
d8bfd1dafdc4,247846 6 248548 10 249250 13 249953 15 250656 17 251359 18 252062 19 252766 20 253469 21 254172 22 254876 22 255579 23 256282 24 256986 24 257690 24 258394 24 259098 25 259802 25 260506 25 261211 23 261915 22 262620 20 263324 20 264029 18 264734 17 265438 16 266143 14 266848 13 267553 11 268258 9 268964 5
d8bfd1dafdc4,204913 4 205612 11 206314 16 207016 27 207718 31 208421 35 209124 39 209827 43 210531 45 211235 48 211939 49 212643 51 213347 52 214051 21 214074 31 214756 14 214802 8 215460 10 215511 1 216165 6
d8bfd1dafdc4,204866 6 205569 9 206273 9 206977 11 207681 11 208385 12 209089 13 209793 13 210497 14 211201 14 211905 14 212609 15 213313 15 214017 15 214721 15 215425 15 216129 15 216833 16 217537 16 218241 16 218945 16 219649 16 220353 16 221057 16 221761 16 222466 15 223170 15 223875 14 224579 14 225284 13 225989 12 226693 13 227398 12 228102 12 228807 11 229511 11 230215 11 230920 11 231624 11 232328 11 233033 10 233737 10 234441 10 235145 11 235850 10 236554 11 237258 11 237962 11 238666 12 239371 11 240075 12 240779 12 241483 12 242187 13 242892 12 243596 12 244300 12 245004 12 245708 12 246413 11 247117 10 247821 5 247827 4 248526 4 248531 3 249230 3 249235 3 249939 1
d8bfd1dafdc4,262810 11 263513 16 264216 19 264919 20 265623 21 266326 22 267030 23 267733 24 268437 25 269141 25 269844 26 270548 26 271252 27 271957 26 272661 26 273366 24 274070 24 274775 23 275479 23 276184 21 276888 21 277592 20 278296 20 279000 19 279705 17 280409 16 281113 15 281818 13 282522 12 283226 11 283931 9 284635 8 285339 7 286044 5 286749 2
d8bfd1dafdc4,11743 1 12445 6 12457 3 13149 18 13854 22 13880 5 14558 31 15262 31 15967 30 16672 28 17378 25 18083 23 18787 23 19492 21 20197 19 20902 18 21606 17 22311 16 23015 16 23720 15 24424 14 25129 13 25833 13 26537 13 27241 14 27946 13 28650 13 29354 13 30058 13 30763 12 31467 12 32171 13 32875 13 33579 13 34283 13 34987 13 35691 14 36394 15 37098 15 37802 15 38506 16 39210 16 39913 17 40617 17 41321 17 42024 18 42727 19 43431 19 44134 20 44838 20 45541 21 46244 22 46948 22 47652 22 48355 23 49059 23 49763 23 50469 21 51176 18 51884 14 52590 12 53296 11 54002 9 54707 9 55412 9 56117 8 56821 9 57526 8 58231 8 58935 9 59640 8 60345 8 61050 8 61754 9 62459 8 63163 9 63868 10 64573 10 65277 11 65982 11 66686 12 67391 13 68096 12 68800 13 69504 15 70209 16 70914 17 71618 18 72322 18 73027 18 73731 19 74435 20 75139 20 75843 21 76548 20 77252 20 77956 21 78659 22 79363 22 80067 23 80771 23 81475 24 82179 24 82883 25 83587 25 84291 26 84995 26 85699 27 86404 26 87108 27 87812 27 88516 28 89220 29 89924 29 90628 30 91332 31 92036 31 92739 33 93444 32 94148 33 94852 33 95556 34 96262 30
d8bfd1dafdc4,345026 1 345728 5 346432 7 347136 7 347840 8 348544 9 349249 8 349954 8 350658 9 351362 9 352067 9 352771 9 353475 10 354180 10 354884 11 355588 11 356292 12 356996 13 357700 14 358404 14 359108 15 359813 14 360517 15 361221 15 361925 15 362629 16 363333 15 364038 14 364742 14 365447 12
d8bfd1dafdc4,70536 1 71240 2 71943 3 72647 3 73350 4 74054 4 74757 5 75461 5 76164 6 76868 6 77572 5 78275 6 78979 6 79683 6 80386 7 81090 6 81794 6 82497 7 83201 7 83905 7 84608 8 85312 8 86015 9 86719 8 87422 9 88126 9 88829 10 89532 11 90235 12 90938 12 91640 14 92343 15 93046 16 93750 15 94453 16 95156 17 95859 18 96562 18 97265 19 97967 21 98670 22 99372 24 100074 25 100775 28 101477 30 102179 32 102881 34 103584 34 104288 34 104992 34 105696 33 106400 33 107106 30 107816 24 108528 15 109239 7
d8bfd1dafdc4,268375 5 269076 13 269778 18 270481 21 271184 25 271888 27 272591 29 273294 32 273996 36 274697 39 275396 44 276093 51 276795 53 277498 47 278202 38 278906 32 279610 29 280313 26 281016 22 281719 20 282423 17 283127 15 283830 13 284534 10 285239 6
d8bfd1dafdc4,325355 1 326052 10 326751 16 327452 19 328153 22 328855 24 329558 25 330261 26 330964 27 331666 29 332369 30 333073 30 333776 31 334479 32 335182 33 335885 35 336588 36 337291 37 337994 39 338698 40 339401 41 340105 41 340809 42 341513 42 342217 43 342921 43 343625 44 344329 44 345033 45 345738 44 346442 45 347147 44 347852 43 348556 43 349261 42 349965 41 350670 40 351374 40 352079 38 352783 38 353488 38 354192 38 354897 37 355601 37 356306 36 357010 36 357715 35 358420 34 359124 33 359829 32 360533 32 361238 30 361943 29 362648 27 363353 25 364060 21
d8bfd1dafdc4,138015 10 138714 17 139413 22 140113 25 140813 28 141514 30 142210 36 142914 35 143618 33 144322 32 145026 32 145730 32 146433 33 147137 33 147841 33 148545 33 149249 33 149953 33 150657 31 151361 28 152065 25 152769 23 153473 21 154177 19 154881 16 155586 13
d8bfd1dafdc4,209824 1 210525 6 211229 6 211932 7 212636 7 213340 7 214044 7 214748 8 215452 8 216157 8 216861 9 217565 10 218269 10 218974 10 219678 10 220382 10 221086 10 221790 10 222494 11 223198 11 223902 11 224607 10 225311 10 226015 10 226719 10 227423 10 228127 10 228831 10 229535 10 230239 11 230943 11 231647 11 232351 11 233055 12 233759 12 234463 12 235167 12 235871 13 236575 13 237279 13 237984 12 238688 12 239392 12 240096 12 240800 12 241504 12 242208 12 242912 13 243616 12 244320 12 245024 11 245728 11 246432 10 247136 8 247840 6 248545 3 249249 1
d8bfd1dafdc4,259123 1 259827 5 260532 6 261237 6 261941 8 262647 7 263353 7 264058 7 264763 7 265468 7 266174 6 266879 6 267584 7 268289 7 268995 7 269700 8 270406 7 271111 8 271816 9 272522 8 273228 8 273933 8 274638 8 275344 8 276050 7 276755 8 277461 7 278166 8 278872 9 279577 10 280282 12 280987 13 281692 15 282397 16 283102 18 283807 19 284512 20 285216 23 285921 23 286625 25 287329 26 288034 25 288738 25 289443 24 290147 24 290852 22 291556 21 292260 20 292965 17 293669 15 294374 10 295079 6 295788 1
d8bfd1dafdc4,203809 2 204508 6 205209 6 205910 7 206612 7 207314 8 208016 8 208718 8 209420 9 210122 9 210825 8 211527 9 212229 9 212931 10 213633 10 214334 11 215036 12 215737 13 216439 14 217141 14 217843 15 218545 15 219247 16 219950 15 220652 15 221355 14 222058 14 222760 14 223463 13 224165 14 224868 13 225570 14 226272 14 226974 15 227677 15 228379 16 229081 16 229783 17 230485 17 231187 18 231890 18 232592 19 233294 20 233996 21 234699 20 235401 21 236104 21 236807 19 237510 18 238213 14 238916 12 239621 6
d8bfd1dafdc4,214204 1 214907 3 215611 3 216315 4 217019 4 217723 5 218427 5 219131 6 219836 5 220540 5 221244 6 221949 5 222654 4 223359 4 224063 4 224768 4 225472 4 226176 5 226881 4 227585 5 228290 4 228994 5 229699 5 230404 5 231108 6 231813 5 232518 5 233222 5 233927 5 234632 5 235337 5 236042 5 236746 6 237450 7 238154 9 238859 10 239564 12 240270 16 240975 23 241680 31 242386 29 243092 27 243798 13
d8bfd1dafdc4,73921 2 74625 6 75329 21 76033 28 76737 30 77441 33 78145 36 78849 38 79553 39 80258 40 80962 42 81667 44 82376 41 83087 37 83796 32 84504 30 85212 26 85920 22 86627 19 87334 16 88041 13 88749 8
d8bfd1dafdc4,253609 11 254309 19 255010 24 255711 29 255745 1 256413 41 257116 46 257818 50 258521 53 259224 55 259928 55 260631 56 261335 56 262039 56 262743 56 263448 55 264152 55 264857 54 265563 52 266268 50 266973 48 267680 45 268386 42 269092 38 269798 34 270505 26 271211 21 271917 14
d8bfd1dafdc4,55696 16 56393 24 57094 29 57796 34 58498 38 59201 41 59901 46 60601 52 61303 56 62004 62 62706 65 63408 67 64111 69 64812 73 65513 76 66206 87 66904 93 67609 92 68314 91 69019 90 69724 89 70430 87 71135 85 71840 83 72545 81 73250 78 73955 76 74661 73 75367 69 76072 66 76778 62 77484 58 78189 55 78895 51 79601 46 80307 40 81014 30
d8bfd1dafdc4,213497 3 214200 4 214904 3 215607 4 216310 5 217013 6 217716 7 218419 8 219122 9 219825 11 220529 11 221232 12 221935 14 222638 16 223341 18 224044 19 224747 21 225449 23 226152 24 226853 28 227550 35 228252 38 228957 37 229661 38 230365 39 231067 41 231772 41 232477 41 233182 40 233888 39 234594 38 235301 36 236007 35 236716 30 237422 28 238128 26 238834 25
d8bfd1dafdc4,161995 8 162693 14 163393 18 164096 19 164800 19 165500 23 166202 25 166905 25 167607 26 168310 26 169012 27 169715 27 170418 27 171109 3 171120 27 171813 3 171823 26 172526 26 173230 25 173933 24 174636 24 175339 24 176042 24 176745 24 177448 24 178151 24 178854 24 179556 25 180259 25 180961 27 181664 27 182367 26 183070 26 183773 25 184475 25 185177 25 185880 24 186583 22 187286 21 187989 18 188692 17 189396 16 190099 16 190803 14 191506 14 192211 10 192915 7
d8bfd1dafdc4,247923 8 248624 14 249326 18 250027 22 250730 23 251432 26 252134 28 252837 29 253539 31 254242 33 254945 34 255648 35 256351 36 257054 36 257757 37 258460 38 259163 40 259865 42 260568 43 261271 44 261975 42 262678 42 263381 42 264084 43 264788 41 265491 42 266194 42 266897 42 267601 41 268304 41 269008 41 269712 41 270416 40 271121 37 271826 34 272531 32 273236 30 273941 28 274647 24 275352 22 276057 20 276763 17 277468 15 278174 12 278881 8 279587 4
d8bfd1dafdc4,302295 1 302974 5 302989 13 303677 30 304381 30 305085 31 305789 31 306493 31 307197 31 307901 32 308605 32 309309 32 310013 32 310717 32 311421 32 312125 31 312829 30 313533 28 314237 27 314941 26 315645 25 316349 24 317053 23 317757 22 318461 21 319165 21 319869 20 320573 19 321277 19 321982 17 322686 17 323390 16 324094 16 324798 16 325503 14 326207 14 326912 13 327616 13 328320 12 329025 11 329729 11 330433 11 331137 11 331842 10 332546 10 333250 10 333955 9 334659 9 335363 9 336067 9 336772 8 337476 8 338180 8 338884 9 339588 9 340293 8 340997 7 341701 7 342405 6 343109 6 343813 4
